user_id,age,gender,city,register_date,vip_level
U00001,36.0,男,重庆,2024-01-06,0
U00002,30.0,男,郑州,2024-09-01,2
U00003,38.0,男,重庆,2024-08-19,0
U00004,47.0,男,深圳,2024-01-27,1
U00005,29.0,女,合肥,2024-11-21,2
U00006,29.0,未知,厦门,2024-01-31,3
U00007,47.0,男,天津,2024-03-05,0
U00008,39.0,未知,广州,2024-02-21,1
U00009,27.0,女,福州,2024-03-24,1
U00010,37.0,男,杭州,2024-02-22,0
U00011,27.0,男,杭州,2024-04-30,0
U00012,27.0,女,福州,2024-04-04,0
U00013,34.0,女,天津,2024-12-31,1
U00014,18.0,女,昆明,2024-01-11,1
U00015,18.0,男,天津,2024-01-28,0
U00016,26.0,男,上海,2024-01-10,2
U00017,21.0,男,郑州,2024-06-25,2
U00018,35.0,男,深圳,2024-01-11,1
U00019,,男,西安,2024-11-21,0
U00020,18.0,,郑州,2024-05-09,1
U00021,46.0,女,西安,2024-05-14,0
U00022,29.0,女,重庆,2024-05-28,0
U00023,32.0,男,南京,2024-02-03,2
U00024,18.0,女,广州,2024-02-09,0
U00025,26.0,男,厦门,2024-03-10,0
U00026,33.0,男,青岛,2024-06-11,0
U00027,20.0,男,重庆,2024-02-12,0
U00028,35.0,女,苏州,2024-01-23,0
U00029,25.0,未知,广州,2024-12-31,3
U00030,29.0,女,杭州,2024-01-05,0
U00031,25.0,男,西安,2024-10-19,0
U00032,50.0,女,郑州,2024-10-06,0
U00033,31.0,男,深圳,2024-03-04,3
U00034,21.0,女,郑州,2024-01-27,1
U00035,40.0,女,长沙,2024-01-29,0
U00036,19.0,男,杭州,2024-08-03,2
U00037,34.0,女,西安,2024-07-04,0
U00038,18.0,女,重庆,2024-10-01,0
U00039,18.0,男,福州,2024-12-31,0
U00040,33.0,女,武汉,2024-07-30,0
U00041,39.0,男,上海,2024-01-31,0
U00042,-1.0,女,武汉,2024-02-20,1
U00043,30.0,女,南京,2024-11-28,0
U00044,28.0,女,武汉,2024-02-12,1
U00045,18.0,女,青岛,2024-01-14,0
U00046,24.0,女,大连,2024-08-06,0
U00047,27.0,男,杭州,2024-04-02,1
U00048,42.0,,昆明,2024-12-31,3
U00049,35.0,男,福州,2024-07-08,0
U00050,18.0,女,长沙,2024-01-18,1
U00051,35.0,男,合肥,2024-12-31,0
U00052,28.0,男,郑州,2024-02-23,0
U00053,25.0,女,上海,2024-03-15,0
U00054,38.0,男,郑州,2024-04-02,0
U00055,42.0,女,武汉,2024-01-10,0
U00056,41.0,男,西安,2024-05-03,0
U00057,23.0,男,成都,2024-01-24,2
U00058,28.0,女,广州,2024-04-02,0
U00059,35.0,男,广州,2024-03-18,1
U00060,41.0,男,昆明,2024-09-23,0
U00061,,女,苏州,2024-10-19,1
U00062,30.0,男,福州,2024-01-30,1
U00063,20.0,女,杭州,2024-03-23,0
U00064,20.0,男,大连,2024-03-25,0
U00065,40.0,男,大连,2024-01-30,2
U00066,45.0,女,天津,2024-10-15,2
U00067,31.0,男,厦门,2024-08-09,0
U00068,42.0,男,重庆,2024-02-08,0
U00069,35.0,男,深圳,2024-03-23,2
U00070,,男,天津,2024-01-21,0
U00071,35.0,女,长沙,2024-06-27,1
U00072,47.0,男,广州,2024-01-24,0
U00073,31.0,女,青岛,2024-12-31,0
U00074,47.0,女,合肥,2024-09-30,1
U00075,18.0,男,大连,2024-03-30,1
U00076,40.0,女,成都,2024-06-04,0
U00077,32.0,男,深圳,2024-12-31,1
U00078,29.0,未知,武汉,2024-05-25,2
U00079,32.0,男,大连,2024-02-04,1
U00080,18.0,女,合肥,2024-03-26,0
U00081,29.0,女,厦门,2024-11-29,1
U00082,35.0,男,天津,2024-07-05,2
U00083,46.0,女,南京,2024-07-08,2
U00084,26.0,女,大连,2024-12-28,1
U00085,23.0,男,南京,2024-12-31,0
U00086,26.0,男,昆明,2024-12-31,2
U00087,41.0,女,厦门,2024-01-18,1
U00088,35.0,女,福州,2024-05-21,0
U00089,26.0,未知,大连,2024-08-30,1
U00090,37.0,女,西安,2024-09-11,0
U00091,32.0,未知,合肥,2024-06-16,1
U00092,41.0,女,郑州,2024-02-02,0
U00093,24.0,男,郑州,2024-10-14,1
U00094,28.0,男,武汉,2024-08-17,3
U00095,28.0,女,西安,2024-01-17,2
U00096,18.0,女,上海,2024-04-22,3
U00097,34.0,男,深圳,2024-02-04,3
U00098,34.0,男,成都,2024-03-15,0
U00099,32.0,未知,昆明,2024-01-04,1
U00100,29.0,女,成都,2024-04-02,1
U00101,18.0,男,合肥,2024-05-23,2
U00102,27.0,男,青岛,2024-06-22,0
U00103,28.0,男,苏州,2024-07-15,3
U00104,23.0,男,大连,2024-11-21,1
U00105,30.0,男,上海,2024-02-13,2
U00106,36.0,男,广州,2024-01-24,0
U00107,50.0,女,苏州,2024-12-09,0
U00108,33.0,男,成都,2024-01-31,2
U00109,34.0,女,青岛,2024-12-31,0
U00110,31.0,女,大连,2024-11-28,2
U00111,18.0,男,厦门,2024-05-05,0
U00112,31.0,女,武汉,2024-12-31,1
U00113,32.0,男,南京,2024-01-19,0
U00114,56.0,女,大连,2024-03-05,1
U00115,30.0,男,福州,2024-07-02,1
U00116,35.0,女,厦门,2024-03-18,0
U00117,31.0,女,武汉,2024-12-31,0
U00118,20.0,男,重庆,2024-01-13,0
U00119,43.0,男,郑州,2024-05-23,1
U00120,39.0,女,北京,2024-06-09,1
U00121,39.0,女,南京,2024-07-09,2
U00122,22.0,男,深圳,2024-02-23,1
U00123,46.0,女,广州,2024-03-22,1
U00124,18.0,男,广州,2024-11-30,0
U00125,37.0,女,郑州,2024-02-09,0
U00126,53.0,男,南京,2024-11-11,0
U00127,22.0,,武汉,2024-05-28,3
U00128,26.0,男,北京,2024-09-15,2
U00129,32.0,男,厦门,2024-08-13,0
U00130,26.0,男,成都,2024-02-11,1
U00131,18.0,男,武汉,2024-05-31,2
U00132,32.0,女,长沙,2024-12-30,1
U00133,21.0,男,重庆,2024-04-11,0
U00134,36.0,女,苏州,2024-12-31,0
U00135,22.0,男,西安,2024-04-18,1
U00136,47.0,男,北京,2024-01-28,3
U00137,24.0,男,昆明,2024-03-29,1
U00138,28.0,男,深圳,2024-12-31,0
U00139,40.0,男,杭州,2024-03-10,0
U00140,19.0,男,重庆,2024-12-30,2
U00141,34.0,女,合肥,2024-12-31,2
U00142,45.0,男,广州,2024-03-18,1
U00143,18.0,女,厦门,2024-01-16,1
U00144,33.0,女,杭州,2024-08-20,0
U00145,34.0,男,厦门,2024-03-08,2
U00146,39.0,男,广州,2024-10-01,2
U00147,19.0,未知,福州,2024-04-15,0
U00148,18.0,女,天津,2024-04-29,2
U00149,37.0,女,广州,2024-09-27,0
U00150,34.0,男,福州,2024-03-27,0
U00151,34.0,女,青岛,2024-04-15,0
U00152,35.0,女,厦门,2024-03-25,0
U00153,25.0,女,合肥,2024-03-23,0
U00154,34.0,未知,福州,2024-05-14,1
U00155,34.0,男,昆明,2024-10-24,1
U00156,24.0,男,昆明,2024-03-21,1
U00157,50.0,女,青岛,2024-05-13,0
U00158,36.0,女,昆明,2024-07-18,0
U00159,20.0,男,天津,2024-02-26,1
U00160,38.0,男,天津,2024-02-28,0
U00161,22.0,男,成都,2024-12-31,0
U00162,39.0,男,天津,2024-08-19,2
U00163,43.0,女,昆明,2024-06-03,2
U00164,23.0,女,深圳,2024-07-06,2
U00165,41.0,男,南京,2024-01-06,1
U00166,36.0,男,天津,2024-06-22,0
U00167,40.0,男,广州,2024-05-08,1
U00168,50.0,男,天津,2024-05-22,0
U00169,29.0,女,郑州,2024-03-21,1
U00170,24.0,未知,重庆,2024-01-16,0
U00171,23.0,女,上海,2024-02-08,2
U00172,23.0,男,南京,2024-12-31,0
U00173,31.0,女,福州,2024-04-04,3
U00174,35.0,女,合肥,2024-04-23,2
U00175,34.0,女,郑州,2024-01-10,1
U00176,40.0,男,北京,2024-01-07,2
U00177,32.0,男,上海,2024-08-15,1
U00178,46.0,男,天津,2024-05-19,2
U00179,29.0,男,长沙,2024-05-07,1
U00180,59.0,男,青岛,2024-02-20,2
U00181,38.0,男,上海,2024-09-02,1
U00182,23.0,女,昆明,2024-02-03,3
U00183,21.0,女,武汉,2024-02-07,1
U00184,36.0,男,成都,2024-04-21,1
U00185,29.0,男,青岛,2024-03-01,2
U00186,39.0,未知,南京,2024-02-21,2
U00187,36.0,未知,,2024-07-05,1
U00188,31.0,女,合肥,2024-07-08,0
U00189,23.0,未知,杭州,2024-11-09,1
U00190,18.0,女,青岛,2024-04-07,3
U00191,27.0,未知,福州,2024-01-14,2
U00192,40.0,男,广州,2024-02-27,2
U00193,34.0,男,杭州,2024-12-31,0
U00194,19.0,男,厦门,2024-06-12,1
U00195,33.0,男,昆明,2024-08-10,1
U00196,35.0,男,合肥,2024-01-02,2
U00197,23.0,女,苏州,2024-05-11,0
U00198,33.0,女,合肥,2024-01-07,2
U00199,32.0,女,厦门,2024-05-31,1
U00200,20.0,男,上海,2024-12-31,0
U00201,35.0,女,深圳,2024-12-31,0
U00202,37.0,女,武汉,2024-05-19,0
U00203,42.0,男,上海,2024-04-20,1
U00204,42.0,女,成都,2024-12-31,0
U00205,18.0,男,合肥,2024-07-20,0
U00206,22.0,男,武汉,2024-01-13,2
U00207,37.0,女,杭州,2024-04-22,0
U00208,,男,杭州,2024-02-19,0
U00209,37.0,男,福州,2024-04-24,1
U00210,65.0,女,厦门,2024-04-19,1
U00211,37.0,女,大连,2024-06-06,2
U00212,43.0,男,重庆,2024-03-20,1
U00213,41.0,男,杭州,2024-02-02,2
U00214,38.0,男,南京,2024-05-06,1
U00215,28.0,女,重庆,2024-11-15,0
U00216,39.0,男,杭州,2024-07-15,0
U00217,24.0,男,西安,2024-03-15,1
U00218,29.0,未知,上海,2024-12-31,0
U00219,27.0,女,重庆,2024-12-31,2
U00220,32.0,男,苏州,2024-02-12,1
U00221,55.0,女,深圳,2024-01-08,0
U00222,18.0,女,上海,2024-08-31,0
U00223,38.0,男,成都,2024-11-12,0
U00224,18.0,男,青岛,2024-12-31,1
U00225,27.0,女,北京,2024-12-31,1
U00226,42.0,男,昆明,2024-06-14,1
U00227,32.0,女,武汉,2024-05-15,0
U00228,21.0,男,北京,2024-01-06,1
U00229,24.0,男,北京,2024-02-20,2
U00230,38.0,男,北京,2024-04-20,0
U00231,24.0,男,深圳,2024-06-27,1
U00232,34.0,男,深圳,2024-05-26,3
U00233,32.0,男,昆明,2024-09-01,0
U00234,25.0,女,苏州,2024-02-29,1
U00235,53.0,未知,北京,2024-05-29,0
U00236,38.0,女,西安,2024-01-17,1
U00237,18.0,女,重庆,2024-04-06,0
U00238,33.0,男,深圳,2024-09-06,3
U00239,25.0,未知,成都,2024-07-31,2
U00240,40.0,男,厦门,2024-12-31,2
U00241,24.0,未知,上海,2024-02-28,2
U00242,30.0,未知,昆明,2024-05-04,1
U00243,37.0,女,西安,2024-03-12,1
U00244,40.0,未知,合肥,2024-04-14,2
U00245,19.0,女,郑州,2024-12-16,3
U00246,28.0,男,昆明,2024-07-26,1
U00247,27.0,男,郑州,2024-12-31,3
U00248,25.0,女,合肥,2024-02-10,1
U00249,49.0,男,杭州,2024-12-31,1
U00250,36.0,女,苏州,2024-01-12,1
U00251,19.0,未知,武汉,2024-12-31,0
U00252,41.0,男,西安,2024-03-12,0
U00253,53.0,女,合肥,2024-03-08,0
U00254,42.0,女,天津,2024-05-09,1
U00255,18.0,未知,昆明,2024-12-31,0
U00256,27.0,未知,大连,2024-01-09,1
U00257,,女,上海,2024-03-19,3
U00258,24.0,未知,深圳,2024-12-15,0
U00259,36.0,女,广州,2024-03-31,1
U00260,39.0,男,武汉,2024-02-09,0
U00261,22.0,男,昆明,2024-04-09,0
U00262,31.0,女,西安,2024-03-28,2
U00263,18.0,男,武汉,2024-12-31,1
U00264,21.0,女,南京,2024-09-15,2
U00265,29.0,女,成都,2024-05-06,0
U00266,19.0,男,北京,2024-12-31,1
U00267,48.0,女,深圳,2024-04-22,0
U00268,18.0,女,青岛,2024-01-11,0
U00269,27.0,女,合肥,2024-02-24,0
U00270,33.0,男,福州,2024-04-13,0
U00271,46.0,男,昆明,2024-01-31,0
U00272,18.0,男,苏州,2024-12-31,0
U00273,43.0,女,青岛,2024-09-19,3
U00274,,男,重庆,2024-02-26,0
U00275,22.0,女,天津,2024-06-09,0
U00276,36.0,男,长沙,2024-08-18,0
U00277,33.0,男,西安,2024-12-31,1
U00278,25.0,女,大连,2024-12-31,0
U00279,32.0,女,大连,2024-05-10,2
U00280,28.0,男,成都,2024-09-25,3
U00281,33.0,男,福州,2024-05-28,0
U00282,38.0,男,成都,2024-05-24,1
U00283,47.0,女,南京,2024-01-22,0
U00284,19.0,女,,2024-01-25,1
U00285,53.0,男,合肥,2024-05-15,1
U00286,18.0,男,合肥,2024-02-26,0
U00287,30.0,男,天津,2024-01-04,0
U00288,37.0,女,武汉,2024-08-18,1
U00289,34.0,未知,大连,2024-01-06,1
U00290,25.0,男,广州,2024-06-11,0
U00291,29.0,女,苏州,2024-05-19,1
U00292,27.0,男,福州,2024-12-31,1
U00293,26.0,男,大连,2024-04-29,2
U00294,40.0,女,重庆,2024-01-12,0
U00295,35.0,女,西安,2024-05-24,2
U00296,25.0,未知,上海,2024-11-27,1
U00297,40.0,女,北京,2024-12-31,0
U00298,35.0,男,厦门,2024-04-11,1
U00299,-1.0,女,昆明,2024-03-10,1
U00300,38.0,男,合肥,2024-12-31,3
U00301,23.0,女,成都,2024-02-08,0
U00302,26.0,男,青岛,2024-06-21,1
U00303,39.0,女,天津,2024-04-03,0
U00304,38.0,男,青岛,2024-01-08,3
U00305,31.0,男,广州,2024-03-17,0
U00306,33.0,女,大连,2024-02-25,3
U00307,44.0,男,长沙,2024-07-27,3
U00308,26.0,女,上海,2024-12-31,0
U00309,37.0,男,广州,2024-02-26,2
U00310,29.0,男,昆明,2024-10-27,3
U00311,29.0,男,北京,2024-01-11,0
U00312,42.0,男,福州,2024-05-19,1
U00313,40.0,女,成都,2024-01-14,1
U00314,40.0,男,杭州,2024-12-31,0
U00315,45.0,未知,北京,2024-09-18,0
U00316,32.0,女,大连,2024-07-12,0
U00317,38.0,男,北京,2024-11-08,0
U00318,28.0,女,厦门,2024-07-06,1
U00319,35.0,女,,2024-12-31,0
U00320,30.0,女,南京,2024-08-13,2
U00321,32.0,男,厦门,2024-12-31,2
U00322,37.0,男,北京,2024-05-11,0
U00323,23.0,女,深圳,2024-01-23,1
U00324,52.0,未知,西安,2024-05-15,1
U00325,,女,苏州,2024-01-25,3
U00326,19.0,男,合肥,2024-06-10,0
U00327,43.0,女,武汉,2024-04-28,0
U00328,,男,长沙,2024-06-24,3
U00329,38.0,女,武汉,2024-01-02,3
U00330,38.0,男,长沙,2024-02-09,2
U00331,31.0,女,天津,2024-05-01,2
U00332,,男,上海,2024-12-31,0
U00333,32.0,男,青岛,2024-03-28,1
U00334,25.0,女,郑州,2024-04-09,0
U00335,41.0,男,深圳,2024-08-13,0
U00336,30.0,男,青岛,2024-06-15,2
U00337,23.0,男,青岛,2024-03-04,0
U00338,28.0,未知,厦门,2024-04-05,1
U00339,36.0,女,武汉,2024-02-14,3
U00340,26.0,男,大连,2024-12-31,0
U00341,23.0,女,上海,2024-01-26,3
U00342,34.0,女,西安,2024-03-24,3
U00343,34.0,男,昆明,2024-01-05,1
U00344,26.0,女,合肥,2024-02-15,0
U00345,27.0,女,杭州,2024-09-29,0
U00346,34.0,女,长沙,2024-02-10,1
U00347,18.0,男,成都,2024-01-16,0
U00348,18.0,女,重庆,2024-04-25,0
U00349,24.0,女,福州,2024-01-02,3
U00350,29.0,男,北京,2024-01-16,0
U00351,35.0,男,天津,2024-10-23,2
U00352,46.0,男,成都,2024-09-22,0
U00353,40.0,男,大连,2024-12-31,1
U00354,30.0,女,昆明,2024-12-12,3
U00355,31.0,男,成都,2024-07-25,0
U00356,21.0,男,郑州,2024-01-10,0
U00357,31.0,女,北京,2024-10-01,1
U00358,29.0,男,郑州,2024-12-02,2
U00359,35.0,未知,武汉,2024-10-15,1
U00360,23.0,男,天津,2024-05-07,0
U00361,37.0,男,长沙,2024-02-17,0
U00362,47.0,男,北京,2024-12-01,3
U00363,30.0,男,天津,2024-08-21,3
U00364,36.0,男,深圳,2024-12-31,1
U00365,38.0,女,郑州,2024-01-31,2
U00366,27.0,未知,杭州,2024-02-16,1
U00367,34.0,男,上海,2024-02-12,1
U00368,32.0,女,北京,2024-10-10,0
U00369,32.0,女,厦门,2024-02-07,1
U00370,24.0,女,成都,2024-01-13,1
U00371,32.0,男,厦门,2024-12-31,0
U00372,36.0,男,青岛,2024-01-05,1
U00373,46.0,男,广州,2024-11-20,2
U00374,41.0,女,天津,2024-03-22,1
U00375,53.0,女,广州,2024-11-27,1
U00376,24.0,男,上海,2024-05-25,3
U00377,40.0,男,北京,2024-12-31,0
U00378,33.0,女,重庆,2024-12-31,1
U00379,53.0,女,重庆,2024-01-02,2
U00380,23.0,未知,武汉,2024-01-15,1
U00381,23.0,女,广州,2024-02-21,0
U00382,26.0,男,昆明,2024-07-18,0
U00383,18.0,女,苏州,2024-12-31,2
U00384,26.0,女,武汉,2024-04-20,1
U00385,24.0,男,重庆,2024-06-17,2
U00386,33.0,女,北京,2024-02-07,1
U00387,35.0,女,青岛,2024-10-21,1
U00388,50.0,男,福州,2024-12-31,2
U00389,41.0,女,成都,2024-02-26,1
U00390,26.0,女,武汉,2024-05-02,0
U00391,23.0,未知,西安,2024-01-17,1
U00392,36.0,男,武汉,2024-05-27,2
U00393,18.0,男,上海,2024-05-05,0
U00394,50.0,女,深圳,2024-01-29,0
U00395,43.0,男,合肥,2024-04-15,0
U00396,27.0,女,北京,2024-03-14,3
U00397,18.0,女,西安,2024-05-12,0
U00398,45.0,男,大连,2024-06-07,1
U00399,30.0,女,天津,2024-01-02,1
U00400,44.0,女,西安,2024-09-14,1
U00401,18.0,男,大连,2024-08-12,1
U00402,26.0,未知,长沙,2024-03-23,0
U00403,32.0,女,厦门,2024-01-10,1
U00404,32.0,女,重庆,2024-09-10,2
U00405,27.0,女,天津,2024-12-31,2
U00406,38.0,男,合肥,2024-02-19,0
U00407,,女,青岛,2024-03-11,2
U00408,30.0,女,昆明,2024-02-06,1
U00409,33.0,女,上海,2024-06-03,2
U00410,,女,深圳,2024-01-31,1
U00411,39.0,男,昆明,2024-03-20,1
U00412,20.0,女,武汉,2024-08-02,3
U00413,18.0,男,郑州,2024-05-27,2
U00414,44.0,男,天津,2024-03-28,1
U00415,35.0,男,北京,2024-04-08,0
U00416,24.0,未知,苏州,2024-05-28,0
U00417,47.0,女,西安,2024-01-02,0
U00418,33.0,女,杭州,2024-01-15,0
U00419,43.0,女,厦门,2024-12-31,0
U00420,32.0,女,苏州,2024-01-15,2
U00421,52.0,未知,成都,2024-08-08,0
U00422,49.0,女,重庆,2024-12-31,1
U00423,29.0,男,郑州,2024-02-26,0
U00424,41.0,男,南京,2024-03-24,0
U00425,38.0,女,,2024-05-31,0
U00426,45.0,女,北京,2024-12-31,0
U00427,22.0,男,合肥,2024-12-31,2
U00428,38.0,男,杭州,2024-08-30,2
U00429,42.0,女,上海,2024-01-17,0
U00430,18.0,男,重庆,2024-07-18,1
U00431,20.0,女,深圳,2024-04-05,1
U00432,18.0,未知,合肥,2024-04-24,2
U00433,29.0,男,合肥,2024-01-10,2
U00434,39.0,男,昆明,2024-02-08,1
U00435,47.0,女,厦门,2024-10-08,1
U00436,32.0,女,南京,2024-04-18,2
U00437,48.0,女,苏州,2024-03-05,0
U00438,18.0,未知,昆明,2024-03-28,1
U00439,18.0,男,西安,2024-12-12,3
U00440,31.0,女,郑州,2024-09-05,2
U00441,35.0,女,合肥,2024-02-27,1
U00442,31.0,女,昆明,2024-01-23,1
U00443,18.0,男,西安,2024-02-22,0
U00444,31.0,女,厦门,2024-12-31,1
U00445,18.0,女,福州,2024-06-05,1
U00446,38.0,男,杭州,2024-05-17,1
U00447,35.0,男,郑州,2024-06-12,2
U00448,22.0,女,,2024-03-23,2
U00449,26.0,男,合肥,2024-10-23,0
U00450,21.0,男,重庆,2024-05-13,1
U00451,31.0,男,青岛,2024-01-23,1
U00452,41.0,女,合肥,2024-01-25,1
U00453,22.0,女,深圳,2024-05-18,0
U00454,37.0,女,昆明,2024-12-31,1
U00455,,男,福州,2024-03-07,2
U00456,24.0,女,天津,2024-12-31,1
U00457,30.0,女,苏州,2024-09-16,3
U00458,21.0,女,长沙,2024-02-21,3
U00459,26.0,女,重庆,2024-01-07,0
U00460,20.0,男,郑州,2024-01-20,0
U00461,51.0,女,,2024-08-22,3
U00462,32.0,男,天津,2024-02-10,3
U00463,25.0,女,杭州,2024-03-24,0
U00464,34.0,男,大连,2024-05-05,0
U00465,30.0,男,福州,2024-08-20,0
U00466,29.0,男,青岛,2024-01-22,3
U00467,38.0,女,合肥,2024-04-03,0
U00468,39.0,男,昆明,2024-04-29,1
U00469,26.0,女,广州,2024-05-20,2
U00470,26.0,男,上海,2024-11-03,0
U00471,29.0,男,北京,2024-02-03,1
U00472,18.0,女,西安,2024-10-23,0
U00473,18.0,男,大连,2024-07-31,2
U00474,45.0,男,合肥,2024-05-26,0
U00475,48.0,女,长沙,2024-08-04,1
U00476,29.0,男,北京,2024-04-05,1
U00477,37.0,男,长沙,2024-01-27,0
U00478,35.0,男,合肥,2024-07-16,0
U00479,62.0,未知,广州,2024-05-13,1
U00480,43.0,女,苏州,2024-07-02,0
U00481,30.0,女,合肥,2024-03-15,2
U00482,22.0,女,,2024-12-31,2
U00483,18.0,男,南京,2024-06-08,1
U00484,34.0,男,福州,2024-01-17,1
U00485,24.0,女,深圳,2024-04-17,1
U00486,18.0,男,武汉,2024-09-11,2
U00487,25.0,男,青岛,2024-10-11,1
U00488,21.0,男,青岛,2024-05-02,0
U00489,48.0,男,深圳,2024-12-31,0
U00490,40.0,未知,厦门,2024-02-26,1
U00491,31.0,男,北京,2024-04-05,1
U00492,-1.0,女,合肥,2024-12-31,1
U00493,32.0,男,西安,2024-12-31,0
U00494,23.0,未知,厦门,2024-07-27,2
U00495,47.0,男,厦门,2024-12-18,0
U00496,37.0,男,南京,2024-01-17,0
U00497,,女,武汉,2024-12-26,1
U00498,30.0,女,成都,2024-03-10,0
U00499,23.0,男,厦门,2024-02-05,1
U00500,18.0,男,福州,2024-02-19,0
U00501,41.0,男,厦门,2024-04-07,1
U00502,51.0,男,武汉,2024-02-22,1
U00503,18.0,男,重庆,2024-03-10,0
U00504,37.0,女,青岛,2024-01-27,0
U00505,25.0,男,苏州,2024-03-04,2
U00506,27.0,男,青岛,2024-06-01,1
U00507,26.0,女,武汉,2024-04-14,1
U00508,23.0,未知,北京,2024-03-17,0
U00509,32.0,女,郑州,2024-09-03,1
U00510,23.0,男,福州,2024-12-31,1
U00511,34.0,男,广州,2024-09-11,1
U00512,31.0,未知,福州,2024-03-13,2
U00513,29.0,男,深圳,2024-09-02,0
U00514,22.0,男,苏州,2024-01-30,0
U00515,26.0,女,上海,2024-01-26,2
U00516,39.0,女,青岛,2024-03-17,3
U00517,37.0,女,长沙,2024-10-23,0
U00518,22.0,男,合肥,2024-02-20,1
U00519,32.0,男,长沙,2024-01-12,0
U00520,39.0,未知,长沙,2024-01-26,0
U00521,18.0,男,北京,2024-12-18,0
U00522,37.0,女,郑州,2024-06-29,0
U00523,25.0,女,青岛,2024-02-22,2
U00524,37.0,女,上海,2024-05-25,1
U00525,24.0,男,长沙,2024-05-14,0
U00526,18.0,男,厦门,2024-07-10,0
U00527,18.0,女,深圳,2024-02-17,2
U00528,32.0,女,南京,2024-12-25,0
U00529,,未知,上海,2024-03-07,1
U00530,22.0,男,西安,2024-08-01,0
U00531,38.0,男,重庆,2024-01-03,1
U00532,18.0,未知,天津,2024-03-24,0
U00533,31.0,女,郑州,2024-03-19,0
U00534,19.0,女,合肥,2024-05-21,0
U00535,25.0,男,厦门,2024-01-14,0
U00536,32.0,女,上海,2024-10-08,1
U00537,23.0,女,福州,2024-02-14,1
U00538,28.0,女,福州,2024-07-22,0
U00539,42.0,男,青岛,2024-10-19,0
U00540,26.0,男,广州,2024-05-28,1
U00541,40.0,女,长沙,2024-08-31,1
U00542,20.0,男,南京,2024-07-14,3
U00543,37.0,男,上海,2024-03-20,1
U00544,46.0,未知,深圳,2024-10-24,1
U00545,18.0,男,青岛,2024-03-03,1
U00546,24.0,女,厦门,2024-06-01,3
U00547,37.0,男,大连,2024-09-03,2
U00548,29.0,女,上海,2024-03-26,0
U00549,35.0,未知,长沙,2024-03-05,0
U00550,25.0,男,青岛,2024-04-20,0
U00551,32.0,男,成都,2024-11-02,1
U00552,30.0,男,郑州,2024-12-31,2
U00553,43.0,男,深圳,2024-05-21,1
U00554,34.0,女,昆明,2024-07-13,0
U00555,35.0,女,长沙,2024-12-31,2
U00556,27.0,男,福州,2024-01-19,2
U00557,27.0,男,大连,2024-02-17,0
U00558,27.0,男,南京,2024-08-10,1
U00559,35.0,女,武汉,2024-11-08,1
U00560,27.0,男,厦门,2024-12-16,2
U00561,34.0,女,大连,2024-04-06,2
U00562,52.0,女,成都,2024-01-17,1
U00563,40.0,女,福州,2024-04-13,1
U00564,28.0,男,苏州,2024-02-17,2
U00565,44.0,女,杭州,2024-03-02,1
U00566,27.0,男,厦门,2024-09-23,0
U00567,18.0,男,武汉,2024-01-15,2
U00568,21.0,女,杭州,2024-11-12,0
U00569,18.0,女,苏州,2024-04-10,0
U00570,28.0,男,天津,2024-06-12,2
U00571,32.0,男,广州,2024-01-17,2
U00572,48.0,男,杭州,2024-03-15,1
U00573,35.0,男,杭州,2024-01-17,0
U00574,29.0,男,重庆,2024-12-31,0
U00575,40.0,男,天津,2024-10-23,0
U00576,18.0,男,广州,2024-04-20,0
U00577,34.0,女,成都,2024-02-15,2
U00578,39.0,女,合肥,2024-12-31,0
U00579,18.0,女,南京,2024-03-17,1
U00580,43.0,男,苏州,2024-02-01,0
U00581,35.0,未知,成都,2024-05-29,3
U00582,27.0,女,南京,2024-12-31,0
U00583,38.0,女,西安,2024-01-01,0
U00584,54.0,女,广州,2024-02-18,0
U00585,33.0,未知,青岛,2024-12-31,1
U00586,34.0,女,青岛,2024-02-03,1
U00587,27.0,男,西安,2024-01-22,1
U00588,23.0,女,长沙,2024-05-31,1
U00589,40.0,女,成都,2024-12-22,0
U00590,23.0,女,长沙,2024-04-26,1
U00591,32.0,女,青岛,2024-12-31,1
U00592,27.0,男,上海,2024-07-23,0
U00593,36.0,男,重庆,2024-01-14,0
U00594,35.0,女,西安,2024-12-31,0
U00595,42.0,女,合肥,2024-04-04,0
U00596,26.0,女,合肥,2024-03-01,1
U00597,29.0,男,广州,2024-05-26,0
U00598,22.0,男,大连,2024-03-06,0
U00599,27.0,女,北京,2024-01-17,0
U00600,35.0,女,长沙,2024-01-01,3
U00601,39.0,女,武汉,2024-04-17,2
U00602,22.0,男,深圳,2024-11-22,0
U00603,40.0,女,西安,2024-06-01,0
U00604,45.0,男,郑州,2024-12-31,0
U00605,36.0,女,上海,2024-03-01,1
U00606,50.0,男,西安,2024-02-29,0
U00607,24.0,男,深圳,2024-02-01,1
U00608,19.0,女,昆明,2024-02-02,1
U00609,18.0,未知,杭州,2024-03-01,2
U00610,46.0,男,大连,2024-10-10,0
U00611,38.0,女,上海,2024-12-31,2
U00612,31.0,男,长沙,2024-12-31,2
U00613,34.0,男,合肥,2024-02-17,0
U00614,20.0,男,西安,2024-12-31,0
U00615,56.0,男,上海,2024-03-12,0
U00616,33.0,女,成都,2024-01-22,0
U00617,33.0,男,南京,2024-12-31,0
U00618,39.0,女,大连,2024-06-30,1
U00619,36.0,女,苏州,2024-02-02,1
U00620,34.0,男,长沙,2024-04-11,3
U00621,24.0,女,重庆,2024-03-01,0
U00622,36.0,男,上海,2024-08-28,3
U00623,50.0,女,南京,2024-04-18,0
U00624,45.0,男,苏州,2024-12-31,2
U00625,47.0,男,深圳,2024-01-11,0
U00626,26.0,男,西安,2024-03-19,0
U00627,22.0,男,福州,2024-04-28,2
U00628,30.0,男,厦门,2024-05-05,0
U00629,32.0,女,南京,2024-03-09,1
U00630,42.0,女,深圳,2024-08-23,1
U00631,18.0,女,西安,2024-12-31,1
U00632,47.0,女,长沙,2024-12-31,1
U00633,30.0,男,青岛,2024-10-21,2
U00634,27.0,男,厦门,2024-12-08,0
U00635,21.0,男,昆明,2024-05-23,1
U00636,18.0,男,长沙,2024-11-10,2
U00637,40.0,女,昆明,2024-03-06,0
U00638,32.0,女,武汉,2024-04-01,0
U00639,19.0,男,福州,2024-03-09,2
U00640,19.0,男,武汉,2024-04-23,1
U00641,28.0,女,重庆,2024-03-01,1
U00642,48.0,女,北京,2024-12-31,0
U00643,29.0,男,成都,2024-03-08,1
U00644,18.0,女,成都,2024-01-19,0
U00645,29.0,未知,长沙,2024-05-14,1
U00646,29.0,男,长沙,2024-01-11,2
U00647,18.0,男,西安,2024-01-22,0
U00648,31.0,女,成都,2024-02-14,1
U00649,29.0,未知,合肥,2024-04-22,3
U00650,38.0,女,大连,2024-04-12,1
U00651,50.0,男,昆明,2024-10-16,2
U00652,43.0,男,成都,2024-08-30,1
U00653,29.0,女,大连,2024-04-10,2
U00654,20.0,女,西安,2024-03-14,0
U00655,57.0,男,南京,2024-03-09,0
U00656,32.0,女,成都,2024-09-24,0
U00657,32.0,女,武汉,2024-01-10,1
U00658,31.0,女,北京,2024-01-03,2
U00659,33.0,女,昆明,2024-10-12,0
U00660,30.0,女,福州,2024-04-26,1
U00661,26.0,男,长沙,2024-01-26,2
U00662,26.0,女,厦门,2024-02-18,1
U00663,31.0,男,西安,2024-12-31,0
U00664,26.0,女,,2024-12-19,1
U00665,24.0,男,青岛,2024-08-10,0
U00666,33.0,女,福州,2024-04-28,0
U00667,29.0,男,西安,2024-05-12,3
U00668,47.0,男,西安,2024-12-31,0
U00669,18.0,男,苏州,2024-12-31,0
U00670,42.0,男,上海,2024-02-13,2
U00671,44.0,女,福州,2024-10-26,0
U00672,18.0,女,南京,2024-02-09,1
U00673,28.0,女,武汉,2024-02-13,0
U00674,28.0,男,南京,2024-07-21,0
U00675,18.0,男,北京,2024-04-03,0
U00676,24.0,男,上海,2024-12-31,0
U00677,20.0,男,昆明,2024-01-17,1
U00678,49.0,女,天津,2024-05-08,2
U00679,41.0,男,北京,2024-12-31,1
U00680,44.0,男,杭州,2024-12-31,3
U00681,39.0,男,上海,2024-01-31,0
U00682,20.0,男,福州,2024-03-23,1
U00683,26.0,女,广州,2024-06-22,1
U00684,36.0,女,大连,2024-02-01,3
U00685,19.0,男,昆明,2024-12-31,0
U00686,39.0,男,昆明,2024-12-31,1
U00687,29.0,男,青岛,2024-02-02,2
U00688,28.0,男,南京,2024-01-24,0
U00689,39.0,男,长沙,2024-01-17,2
U00690,36.0,未知,西安,2024-12-31,0
U00691,28.0,女,福州,2024-02-08,2
U00692,43.0,女,合肥,2024-04-06,3
U00693,21.0,男,苏州,2024-04-17,1
U00694,38.0,男,上海,2024-06-13,1
U00695,37.0,女,深圳,2024-01-14,0
U00696,28.0,,北京,2024-02-16,3
U00697,35.0,女,天津,2024-12-31,1
U00698,19.0,男,郑州,2024-12-31,0
U00699,41.0,女,南京,2024-09-30,1
U00700,30.0,男,深圳,2024-01-04,1
U00701,26.0,女,西安,2024-03-12,0
U00702,,女,大连,2024-06-26,0
U00703,24.0,女,昆明,2024-02-27,0
U00704,18.0,男,杭州,2024-12-31,1
U00705,18.0,女,大连,2024-06-29,1
U00706,38.0,男,厦门,2024-01-14,1
U00707,19.0,男,北京,2024-12-31,2
U00708,,男,长沙,2024-12-31,2
U00709,18.0,女,上海,2024-01-15,1
U00710,48.0,男,南京,2024-05-16,0
U00711,34.0,男,昆明,2024-03-06,1
U00712,31.0,女,厦门,2024-03-30,1
U00713,26.0,男,杭州,2024-02-05,1
U00714,35.0,女,郑州,2024-06-04,1
U00715,31.0,男,大连,2024-12-31,0
U00716,43.0,男,广州,2024-05-05,3
U00717,33.0,女,南京,2024-01-16,0
U00718,33.0,男,长沙,2024-06-23,1
U00719,28.0,男,上海,2024-03-15,0
U00720,31.0,女,苏州,2024-12-14,3
U00721,,女,长沙,2024-04-12,0
U00722,18.0,女,昆明,2024-02-08,0
U00723,18.0,男,郑州,2024-02-08,0
U00724,39.0,男,杭州,2024-09-20,0
U00725,33.0,女,长沙,2024-02-25,0
U00726,30.0,女,上海,2024-09-19,1
U00727,32.0,女,杭州,2024-02-11,1
U00728,35.0,女,武汉,2024-03-10,0
U00729,26.0,女,长沙,2024-04-22,0
U00730,24.0,女,厦门,2024-12-31,2
U00731,33.0,男,南京,2024-12-31,1
U00732,22.0,女,重庆,2024-02-11,2
U00733,36.0,男,天津,2024-03-20,1
U00734,18.0,男,杭州,2024-01-30,0
U00735,42.0,女,郑州,2024-05-08,0
U00736,36.0,女,杭州,2024-04-21,0
U00737,34.0,男,苏州,2024-12-31,2
U00738,41.0,男,西安,2024-12-31,3
U00739,48.0,男,福州,2024-03-28,1
U00740,42.0,女,郑州,2024-05-01,0
U00741,18.0,女,重庆,2024-12-31,0
U00742,19.0,男,青岛,2024-10-22,0
U00743,25.0,男,昆明,2024-01-01,1
U00744,32.0,女,天津,2024-03-10,0
U00745,37.0,男,西安,2024-04-08,3
U00746,24.0,女,武汉,2024-02-16,0
U00747,33.0,未知,南京,2024-02-10,3
U00748,24.0,男,广州,2024-01-07,2
U00749,25.0,女,天津,2024-07-04,2
U00750,18.0,男,厦门,2024-02-24,1
U00751,22.0,男,深圳,2024-01-10,1
U00752,18.0,女,成都,2024-02-17,1
U00753,22.0,男,北京,2024-10-18,1
U00754,42.0,未知,深圳,2024-12-09,1
U00755,22.0,女,苏州,2024-04-28,3
U00756,58.0,男,长沙,2024-04-06,2
U00757,36.0,男,杭州,2024-12-31,2
U00758,33.0,男,厦门,2024-02-10,2
U00759,23.0,男,郑州,2024-02-13,0
U00760,39.0,男,郑州,2024-03-03,0
U00761,26.0,男,合肥,2024-02-04,1
U00762,33.0,男,武汉,2024-03-26,1
U00763,57.0,女,南京,2024-12-31,2
U00764,31.0,女,郑州,2024-06-20,1
U00765,43.0,女,厦门,2024-04-05,1
U00766,24.0,男,深圳,2024-12-31,1
U00767,31.0,男,南京,2024-01-09,0
U00768,49.0,女,厦门,2024-02-12,1
U00769,25.0,女,西安,2024-05-30,2
U00770,50.0,男,长沙,2024-06-21,0
U00771,-1.0,女,长沙,2024-01-08,1
U00772,26.0,女,杭州,2024-04-02,1
U00773,38.0,女,厦门,2024-07-07,0
U00774,41.0,男,北京,2024-08-03,0
U00775,38.0,女,重庆,2024-07-01,3
U00776,18.0,女,长沙,2024-03-10,0
U00777,24.0,女,杭州,2024-01-18,0
U00778,29.0,女,福州,2024-04-10,0
U00779,31.0,女,广州,2024-01-25,1
U00780,38.0,女,杭州,2024-12-31,1
U00781,33.0,男,上海,2024-04-26,1
U00782,18.0,女,青岛,2024-03-09,0
U00783,35.0,女,上海,2024-09-18,2
U00784,38.0,女,郑州,2024-05-04,0
U00785,37.0,男,武汉,2024-03-07,0
U00786,42.0,男,西安,2024-10-27,1
U00787,40.0,女,郑州,2024-12-29,0
U00788,36.0,女,厦门,2024-07-20,2
U00789,31.0,女,青岛,2024-01-09,3
U00790,18.0,女,苏州,2024-05-30,0
U00791,36.0,女,西安,2024-09-16,2
U00792,34.0,女,成都,2024-01-27,2
U00793,34.0,女,深圳,2024-02-16,3
U00794,19.0,女,北京,2024-12-31,0
U00795,21.0,女,武汉,2024-01-04,1
U00796,42.0,男,重庆,2024-09-08,0
U00797,31.0,男,南京,2024-04-25,2
U00798,38.0,女,杭州,2024-04-16,0
U00799,32.0,男,大连,2024-01-02,1
U00800,32.0,男,西安,2024-11-04,0
U00801,41.0,男,苏州,2024-03-21,0
U00802,26.0,男,天津,2024-05-20,1
U00803,32.0,男,成都,2024-07-22,2
U00804,27.0,男,天津,2024-08-06,1
U00805,27.0,女,杭州,2024-12-31,2
U00806,28.0,女,大连,2024-05-16,0
U00807,34.0,男,大连,2024-04-01,1
U00808,27.0,男,西安,2024-12-31,1
U00809,44.0,女,长沙,2024-07-03,0
U00810,23.0,男,深圳,2024-03-04,1
U00811,30.0,女,昆明,2024-01-25,1
U00812,27.0,女,厦门,2024-11-28,1
U00813,46.0,女,南京,2024-03-21,2
U00814,33.0,男,深圳,2024-07-13,1
U00815,42.0,女,长沙,2024-04-24,0
U00816,18.0,男,上海,2024-02-09,0
U00817,34.0,未知,深圳,2024-06-14,1
U00818,40.0,女,杭州,2024-01-12,0
U00819,32.0,男,广州,2024-04-05,0
U00820,42.0,男,重庆,2024-05-22,1
U00821,26.0,男,昆明,2024-04-13,1
U00822,46.0,女,苏州,2024-09-05,0
U00823,54.0,男,广州,2024-11-12,2
U00824,28.0,女,上海,2024-09-22,1
U00825,27.0,男,重庆,2024-01-08,0
U00826,46.0,女,青岛,2024-02-08,2
U00827,47.0,女,深圳,2024-05-18,1
U00828,26.0,女,重庆,2024-12-31,1
U00829,27.0,女,郑州,2024-11-20,1
U00830,29.0,男,昆明,2024-11-28,0
U00831,18.0,男,天津,2024-03-06,1
U00832,22.0,女,西安,2024-04-11,0
U00833,21.0,男,厦门,2024-04-24,3
U00834,24.0,男,长沙,2024-01-31,2
U00835,31.0,男,福州,2024-01-06,1
U00836,34.0,男,杭州,2024-12-31,0
U00837,47.0,男,上海,2024-02-19,0
U00838,22.0,女,西安,2024-02-19,0
U00839,41.0,男,北京,2024-01-16,1
U00840,29.0,女,武汉,2024-12-31,0
U00841,31.0,男,合肥,2024-06-05,1
U00842,38.0,女,厦门,2024-07-16,0
U00843,20.0,男,广州,2024-12-31,3
U00844,35.0,女,青岛,2024-03-17,0
U00845,33.0,女,西安,2024-06-23,3
U00846,36.0,男,武汉,2024-01-08,3
U00847,34.0,女,合肥,2024-02-07,1
U00848,56.0,未知,成都,2024-11-16,2
U00849,25.0,女,深圳,2024-09-19,1
U00850,26.0,女,合肥,2024-03-18,1
U00851,25.0,男,重庆,2024-03-26,0
U00852,26.0,女,深圳,2024-05-17,0
U00853,25.0,男,武汉,2024-01-01,1
U00854,43.0,男,上海,2024-02-19,1
U00855,46.0,未知,合肥,2024-02-12,1
U00856,26.0,男,南京,2024-02-21,0
U00857,23.0,女,天津,2024-10-22,0
U00858,36.0,女,天津,2024-02-29,0
U00859,26.0,女,南京,2024-02-08,0
U00860,38.0,未知,厦门,2024-05-06,0
U00861,-1.0,男,大连,2024-12-27,0
U00862,18.0,男,苏州,2024-02-19,0
U00863,47.0,男,上海,2024-01-15,2
U00864,49.0,男,合肥,2024-03-20,0
U00865,25.0,男,厦门,2024-09-04,1
U00866,28.0,男,天津,2024-05-24,0
U00867,34.0,女,郑州,2024-11-01,2
U00868,35.0,女,天津,2024-12-31,1
U00869,38.0,男,深圳,2024-10-10,0
U00870,52.0,女,厦门,2024-06-15,1
U00871,30.0,男,长沙,2024-05-02,0
U00872,24.0,男,深圳,2024-01-08,1
U00873,18.0,女,广州,2024-12-31,0
U00874,24.0,女,合肥,2024-03-28,3
U00875,31.0,女,昆明,2024-01-30,1
U00876,49.0,男,昆明,2024-07-16,0
U00877,26.0,女,合肥,2024-03-01,2
U00878,34.0,女,长沙,2024-06-07,0
U00879,31.0,女,深圳,2024-06-08,2
U00880,43.0,女,长沙,2024-04-16,1
U00881,57.0,女,福州,2024-11-21,2
U00882,26.0,女,天津,2024-02-25,0
U00883,27.0,女,厦门,2024-04-17,2
U00884,42.0,未知,杭州,2024-05-18,2
U00885,38.0,女,天津,2024-07-15,0
U00886,50.0,男,合肥,2024-10-02,0
U00887,37.0,女,昆明,2024-03-31,0
U00888,28.0,男,杭州,2024-07-05,3
U00889,,男,郑州,2024-01-30,0
U00890,43.0,女,大连,2024-12-31,1
U00891,40.0,女,郑州,2024-03-27,0
U00892,37.0,女,昆明,2024-08-23,0
U00893,42.0,男,青岛,2024-01-04,1
U00894,,女,深圳,2024-02-11,3
U00895,45.0,男,深圳,2024-04-30,1
U00896,38.0,未知,福州,2024-12-31,2
U00897,-1.0,未知,福州,2024-05-14,1
U00898,33.0,女,大连,2024-12-31,0
U00899,44.0,女,郑州,2024-04-29,0
U00900,23.0,女,长沙,2024-05-01,1
U00901,,女,武汉,2024-01-23,3
U00902,28.0,男,长沙,2024-10-19,2
U00903,32.0,男,深圳,2024-02-21,0
U00904,44.0,女,上海,2024-12-31,0
U00905,33.0,女,上海,2024-12-31,0
U00906,32.0,男,杭州,2024-12-31,3
U00907,18.0,未知,西安,2024-05-12,2
U00908,39.0,男,西安,2024-07-22,2
U00909,38.0,女,重庆,2024-09-28,0
U00910,53.0,女,郑州,2024-01-26,1
U00911,28.0,女,武汉,2024-06-14,1
U00912,34.0,女,杭州,2024-01-07,0
U00913,34.0,男,西安,2024-05-03,1
U00914,47.0,男,西安,2024-01-31,0
U00915,31.0,女,成都,2024-02-06,0
U00916,34.0,女,大连,2024-03-22,2
U00917,38.0,男,南京,2024-04-11,2
U00918,33.0,女,北京,2024-06-24,1
U00919,27.0,男,,2024-01-14,1
U00920,33.0,女,武汉,2024-05-06,0
U00921,42.0,女,青岛,2024-02-06,2
U00922,21.0,男,,2024-06-02,2
U00923,33.0,男,重庆,2024-07-01,2
U00924,24.0,女,合肥,2024-05-26,2
U00925,43.0,女,杭州,2024-08-29,0
U00926,18.0,女,福州,2024-03-14,0
U00927,26.0,女,南京,2024-09-17,1
U00928,35.0,女,成都,2024-04-12,0
U00929,47.0,未知,苏州,2024-04-29,2
U00930,31.0,女,大连,2024-07-06,0
U00931,26.0,女,深圳,2024-01-04,0
U00932,50.0,男,昆明,2024-07-10,0
U00933,18.0,男,北京,2024-06-22,3
U00934,18.0,女,郑州,2024-03-07,0
U00935,36.0,男,青岛,2024-01-17,1
U00936,26.0,女,北京,2024-01-18,1
U00937,21.0,女,苏州,2024-12-31,0
U00938,39.0,女,合肥,2024-07-29,1
U00939,34.0,男,深圳,2024-01-25,2
U00940,26.0,男,长沙,2024-03-20,1
U00941,19.0,男,西安,2024-06-10,2
U00942,40.0,男,成都,2024-11-20,0
U00943,38.0,男,北京,2024-01-09,0
U00944,31.0,女,武汉,2024-02-18,3
U00945,50.0,女,厦门,2024-12-31,0
U00946,21.0,女,青岛,2024-01-02,1
U00947,18.0,女,福州,2024-02-10,2
U00948,25.0,男,福州,2024-12-31,0
U00949,31.0,女,成都,2024-06-20,2
U00950,34.0,女,杭州,2024-02-24,0
U00951,29.0,男,昆明,2024-01-13,0
U00952,35.0,女,天津,2024-01-06,0
U00953,19.0,男,成都,2024-02-20,2
U00954,46.0,女,大连,2024-12-31,0
U00955,31.0,未知,北京,2024-04-06,2
U00956,43.0,男,北京,2024-08-17,3
U00957,35.0,女,郑州,2024-12-31,1
U00958,36.0,女,广州,2024-04-04,1
U00959,37.0,未知,西安,2024-02-08,1
U00960,36.0,男,广州,2024-05-11,0
U00961,38.0,女,重庆,2024-12-31,1
U00962,45.0,男,南京,2024-10-20,1
U00963,33.0,男,广州,2024-01-13,3
U00964,39.0,男,郑州,2024-07-31,3
U00965,31.0,未知,成都,2024-06-01,2
U00966,46.0,女,郑州,2024-12-31,2
U00967,25.0,女,福州,2024-01-24,1
U00968,50.0,未知,福州,2024-05-17,1
U00969,31.0,男,长沙,2024-12-31,2
U00970,18.0,男,郑州,2024-04-04,0
U00971,33.0,男,上海,2024-04-28,3
U00972,25.0,男,厦门,2024-01-14,1
U00973,40.0,男,成都,2024-02-28,1
U00974,25.0,男,大连,2024-03-11,2
U00975,27.0,男,郑州,2024-12-31,3
U00976,18.0,男,合肥,2024-02-29,0
U00977,27.0,男,重庆,2024-04-21,2
U00978,18.0,男,合肥,2024-07-19,1
U00979,18.0,未知,上海,2024-02-01,0
U00980,39.0,女,大连,2024-04-29,2
U00981,39.0,未知,大连,2024-08-29,1
U00982,36.0,男,武汉,2024-12-28,1
U00983,22.0,男,西安,2024-06-26,0
U00984,31.0,女,西安,2024-07-18,1
U00985,31.0,男,福州,2024-01-25,1
U00986,20.0,男,重庆,2024-12-31,1
U00987,47.0,男,合肥,2024-01-26,0
U00988,40.0,男,天津,2024-09-25,3
U00989,29.0,男,上海,2024-02-25,1
U00990,32.0,男,深圳,2024-12-31,2
U00991,34.0,女,大连,2024-08-17,1
U00992,18.0,男,合肥,2024-09-09,0
U00993,29.0,男,杭州,2024-02-14,1
U00994,25.0,女,武汉,2024-04-15,1
U00995,21.0,男,昆明,2024-06-22,1
U00996,29.0,男,武汉,2024-09-21,1
U00997,49.0,女,合肥,2024-01-20,1
U00998,38.0,男,武汉,2024-12-31,0
U00999,26.0,男,深圳,2024-12-31,1
U01000,37.0,女,南京,2024-02-26,0
U01001,45.0,男,郑州,2024-11-07,0
U01002,41.0,女,深圳,2024-05-11,3
U01003,32.0,女,成都,2024-04-21,1
U01004,25.0,男,杭州,2024-03-08,1
U01005,38.0,女,长沙,2024-06-05,1
U01006,35.0,女,深圳,2024-08-23,3
U01007,40.0,男,重庆,2024-04-05,1
U01008,38.0,女,深圳,2024-06-27,2
U01009,42.0,男,大连,2024-08-04,0
U01010,26.0,女,青岛,2024-08-11,3
U01011,45.0,男,杭州,2024-01-10,2
U01012,33.0,男,昆明,2024-12-19,2
U01013,52.0,男,西安,2024-04-20,0
U01014,25.0,女,大连,2024-02-24,0
U01015,49.0,男,长沙,2024-02-19,0
U01016,33.0,男,昆明,2024-04-28,0
U01017,25.0,男,合肥,2024-12-31,2
U01018,27.0,女,苏州,2024-03-26,0
U01019,28.0,女,广州,2024-09-06,0
U01020,36.0,女,合肥,2024-01-19,0
U01021,37.0,女,北京,2024-04-26,0
U01022,26.0,女,天津,2024-12-31,0
U01023,31.0,男,重庆,2024-09-21,2
U01024,53.0,女,天津,2024-02-12,1
U01025,49.0,女,广州,2024-05-05,0
U01026,36.0,未知,大连,2024-02-17,1
U01027,32.0,女,郑州,2024-04-04,1
U01028,33.0,男,长沙,2024-09-29,0
U01029,38.0,男,福州,2024-09-22,1
U01030,21.0,女,北京,2024-02-16,2
U01031,29.0,,合肥,2024-12-31,2
U01032,18.0,女,郑州,2024-06-10,2
U01033,35.0,女,北京,2024-03-27,0
U01034,38.0,女,西安,2024-05-05,3
U01035,27.0,男,天津,2024-06-16,2
U01036,47.0,女,武汉,2024-05-27,3
U01037,19.0,男,昆明,2024-04-29,0
U01038,18.0,男,厦门,2024-05-06,3
U01039,34.0,男,青岛,2024-02-04,2
U01040,42.0,女,昆明,2024-10-28,2
U01041,48.0,男,武汉,2024-05-20,0
U01042,27.0,男,合肥,2024-01-26,2
U01043,42.0,未知,昆明,2024-09-18,3
U01044,31.0,男,长沙,2024-12-31,1
U01045,30.0,女,南京,2024-12-31,1
U01046,40.0,女,上海,2024-03-23,3
U01047,38.0,女,武汉,2024-01-27,1
U01048,18.0,女,深圳,2024-05-11,1
U01049,46.0,男,昆明,2024-01-22,1
U01050,45.0,女,成都,2024-12-31,3
U01051,25.0,男,重庆,2024-02-06,0
U01052,35.0,女,重庆,2024-02-22,1
U01053,36.0,男,青岛,2024-04-03,1
U01054,34.0,女,南京,2024-03-27,2
U01055,26.0,男,大连,2024-10-11,1
U01056,25.0,男,广州,2024-04-19,3
U01057,,男,昆明,2024-02-03,3
U01058,43.0,男,杭州,2024-02-25,0
U01059,37.0,女,青岛,2024-05-08,1
U01060,28.0,男,深圳,2024-01-29,0
U01061,39.0,女,武汉,2024-06-19,0
U01062,18.0,未知,福州,2024-05-30,1
U01063,43.0,女,长沙,2024-08-13,3
U01064,18.0,男,上海,2024-12-31,2
U01065,28.0,男,苏州,2024-12-31,0
U01066,20.0,女,青岛,2024-12-31,0
U01067,19.0,男,厦门,2024-02-20,1
U01068,43.0,男,福州,2024-01-26,1
U01069,27.0,女,成都,2024-03-05,0
U01070,35.0,女,深圳,2024-12-31,2
U01071,-1.0,女,天津,2024-12-31,3
U01072,36.0,男,北京,2024-12-19,1
U01073,32.0,女,武汉,2024-01-21,2
U01074,19.0,男,长沙,2024-12-31,0
U01075,41.0,男,西安,2024-04-09,2
U01076,27.0,女,杭州,2024-01-02,1
U01077,18.0,男,长沙,2024-04-15,0
U01078,27.0,男,昆明,2024-01-09,3
U01079,47.0,男,西安,2024-05-21,1
U01080,40.0,女,成都,2024-03-15,2
U01081,28.0,女,长沙,2024-04-25,0
U01082,28.0,女,武汉,2024-06-19,0
U01083,28.0,女,昆明,2024-12-31,0
U01084,52.0,男,上海,2024-07-14,1
U01085,35.0,男,西安,2024-04-12,1
U01086,36.0,男,天津,2024-11-04,0
U01087,42.0,男,长沙,2024-12-31,1
U01088,34.0,女,合肥,2024-01-23,1
U01089,29.0,女,深圳,2024-05-16,2
U01090,30.0,男,武汉,2024-03-01,1
U01091,31.0,男,重庆,2024-01-09,3
U01092,31.0,男,大连,2024-07-17,1
U01093,39.0,男,武汉,2024-12-23,1
U01094,32.0,女,上海,2024-02-02,0
U01095,39.0,男,成都,2024-10-28,0
U01096,31.0,男,,2024-12-11,0
U01097,32.0,女,成都,2024-12-31,1
U01098,18.0,男,郑州,2024-02-25,0
U01099,41.0,女,大连,2024-12-31,0
U01100,35.0,男,上海,2024-03-10,2
U01101,41.0,女,长沙,2024-05-24,0
U01102,18.0,未知,天津,2024-01-10,0
U01103,52.0,女,青岛,2024-01-09,0
U01104,30.0,男,成都,2024-08-17,2
U01105,43.0,女,昆明,2024-04-15,0
U01106,21.0,男,杭州,2024-02-23,1
U01107,38.0,男,昆明,2024-02-08,1
U01108,21.0,男,广州,2024-07-18,1
U01109,25.0,男,广州,2024-01-01,1
U01110,51.0,女,西安,2024-10-22,2
U01111,30.0,女,大连,2024-01-15,0
U01112,34.0,女,广州,2024-02-08,0
U01113,40.0,女,长沙,2024-03-28,0
U01114,36.0,女,厦门,2024-04-29,0
U01115,33.0,男,合肥,2024-03-19,0
U01116,35.0,男,武汉,2024-03-10,0
U01117,56.0,女,郑州,2024-12-31,1
U01118,31.0,男,上海,2024-07-03,1
U01119,34.0,女,深圳,2024-01-05,0
U01120,42.0,男,西安,2024-04-11,2
U01121,43.0,男,武汉,2024-12-31,0
U01122,43.0,男,合肥,2024-03-05,0
U01123,38.0,男,福州,2024-01-18,1
U01124,20.0,男,成都,2024-09-12,0
U01125,48.0,女,大连,2024-06-16,0
U01126,20.0,男,杭州,2024-06-01,1
U01127,35.0,女,西安,2024-01-10,3
U01128,24.0,男,重庆,2024-01-28,2
U01129,31.0,男,郑州,2024-06-24,0
U01130,35.0,男,大连,2024-02-11,2
U01131,35.0,女,成都,2024-05-06,2
U01132,36.0,男,深圳,2024-05-21,1
U01133,48.0,女,广州,2024-03-01,2
U01134,36.0,男,广州,2024-12-31,1
U01135,29.0,女,深圳,2024-11-28,0
U01136,41.0,男,杭州,2024-08-18,1
U01137,43.0,女,南京,2024-01-15,1
U01138,19.0,女,厦门,2024-01-21,1
U01139,37.0,女,广州,2024-05-02,1
U01140,39.0,男,长沙,2024-02-01,3
U01141,29.0,男,南京,2024-12-31,3
U01142,45.0,男,郑州,2024-02-01,2
U01143,30.0,女,,2024-04-30,2
U01144,33.0,女,青岛,2024-03-22,3
U01145,30.0,女,青岛,2024-07-02,0
U01146,32.0,男,郑州,2024-01-25,0
U01147,21.0,男,成都,2024-04-11,1
U01148,18.0,男,合肥,2024-02-27,2
U01149,47.0,未知,深圳,2024-12-31,1
U01150,23.0,女,南京,2024-01-08,2
U01151,22.0,未知,合肥,2024-12-31,0
U01152,18.0,男,广州,2024-11-18,0
U01153,25.0,女,合肥,2024-03-04,2
U01154,18.0,女,重庆,2024-10-07,0
U01155,48.0,男,上海,2024-01-06,0
U01156,42.0,女,郑州,2024-12-31,0
U01157,25.0,未知,福州,2024-05-14,0
U01158,54.0,女,上海,2024-03-06,2
U01159,41.0,女,福州,2024-03-22,0
U01160,28.0,男,苏州,2024-01-13,1
U01161,18.0,男,天津,2024-12-31,0
U01162,54.0,未知,苏州,2024-01-08,2
U01163,18.0,男,广州,2024-07-10,0
U01164,18.0,女,广州,2024-04-15,1
U01165,42.0,女,长沙,2024-12-31,2
U01166,56.0,女,杭州,2024-02-20,0
U01167,45.0,未知,福州,2024-05-16,2
U01168,37.0,男,武汉,2024-04-28,1
U01169,37.0,男,武汉,2024-08-06,1
U01170,40.0,男,郑州,2024-01-13,0
U01171,39.0,男,重庆,2024-02-08,3
U01172,34.0,男,郑州,2024-02-13,2
U01173,33.0,男,长沙,2024-08-29,0
U01174,31.0,女,郑州,2024-02-07,0
U01175,24.0,未知,西安,2024-06-02,2
U01176,29.0,男,北京,2024-02-13,1
U01177,18.0,男,南京,2024-12-22,2
U01178,31.0,女,厦门,2024-12-31,1
U01179,22.0,男,郑州,2024-05-11,2
U01180,20.0,男,广州,2024-03-19,0
U01181,33.0,男,广州,2024-02-17,0
U01182,45.0,女,杭州,2024-01-10,1
U01183,41.0,男,苏州,2024-02-26,3
U01184,18.0,未知,武汉,2024-07-10,0
U01185,22.0,男,西安,2024-05-17,1
U01186,41.0,女,西安,2024-12-31,1
U01187,22.0,男,,2024-03-31,1
U01188,29.0,男,上海,2024-08-01,2
U01189,37.0,女,广州,2024-04-30,2
U01190,22.0,女,南京,2024-05-09,0
U01191,33.0,女,苏州,2024-02-26,3
U01192,18.0,女,郑州,2024-04-19,2
U01193,25.0,女,武汉,2024-04-24,2
U01194,35.0,女,郑州,2024-08-08,1
U01195,18.0,女,上海,2024-12-31,2
U01196,36.0,男,成都,2024-03-12,0
U01197,31.0,男,重庆,2024-01-08,0
U01198,37.0,男,福州,2024-05-03,2
U01199,34.0,女,上海,2024-05-21,0
U01200,45.0,男,昆明,2024-02-03,0
U01201,33.0,男,厦门,2024-09-14,2
U01202,27.0,女,长沙,2024-12-31,2
U01203,33.0,女,武汉,2024-12-31,0
U01204,37.0,女,武汉,2024-02-09,2
U01205,32.0,男,合肥,2024-12-31,1
U01206,32.0,女,郑州,2024-08-07,1
U01207,24.0,男,苏州,2024-04-18,2
U01208,,男,成都,2024-05-20,1
U01209,18.0,男,青岛,2024-12-07,0
U01210,49.0,男,成都,2024-04-27,0
U01211,19.0,男,成都,2024-03-25,1
U01212,25.0,女,上海,2024-05-02,1
U01213,24.0,男,福州,2024-06-04,2
U01214,40.0,女,天津,2024-02-07,2
U01215,29.0,女,合肥,2024-12-31,1
U01216,44.0,男,南京,2024-07-20,2
U01217,25.0,女,杭州,2024-06-29,0
U01218,34.0,男,合肥,2024-01-19,0
U01219,23.0,女,福州,2024-06-15,2
U01220,53.0,男,北京,2024-01-24,0
U01221,20.0,男,昆明,2024-01-15,0
U01222,35.0,男,天津,2024-05-14,1
U01223,38.0,女,杭州,2024-04-02,1
U01224,36.0,女,武汉,2024-06-08,2
U01225,30.0,男,昆明,2024-01-17,0
U01226,30.0,女,成都,2024-04-11,0
U01227,32.0,女,杭州,2024-02-04,0
U01228,30.0,未知,大连,2024-12-31,1
U01229,41.0,女,西安,2024-05-28,0
U01230,54.0,女,天津,2024-07-28,1
U01231,26.0,女,西安,2024-03-11,2
U01232,18.0,女,厦门,2024-01-18,3
U01233,31.0,男,长沙,2024-12-31,0
U01234,57.0,男,昆明,2024-03-01,1
U01235,23.0,男,北京,2024-04-09,1
U01236,48.0,女,厦门,2024-07-07,3
U01237,48.0,女,成都,2024-01-05,3
U01238,26.0,男,广州,2024-10-26,0
U01239,37.0,女,上海,2024-05-18,2
U01240,48.0,男,上海,2024-02-28,0
U01241,28.0,男,郑州,2024-01-12,0
U01242,29.0,未知,重庆,2024-02-01,0
U01243,26.0,男,厦门,2024-12-31,1
U01244,21.0,男,杭州,2024-07-27,1
U01245,25.0,女,武汉,2024-02-21,0
U01246,19.0,女,郑州,2024-01-13,1
U01247,32.0,男,福州,2024-07-30,0
U01248,24.0,女,郑州,2024-06-01,1
U01249,34.0,女,武汉,2024-04-03,0
U01250,18.0,男,西安,2024-03-22,0
U01251,35.0,男,天津,2024-02-13,1
U01252,40.0,女,成都,2024-07-18,0
U01253,18.0,男,杭州,2024-12-31,1
U01254,35.0,未知,上海,2024-02-04,0
U01255,44.0,女,天津,2024-06-12,1
U01256,19.0,未知,厦门,2024-04-09,0
U01257,48.0,男,大连,2024-04-16,1
U01258,36.0,未知,重庆,2024-02-22,2
U01259,24.0,男,大连,2024-11-09,0
U01260,31.0,男,武汉,2024-04-29,1
U01261,,男,深圳,2024-05-21,0
U01262,32.0,男,广州,2024-03-06,1
U01263,37.0,女,福州,2024-02-06,0
U01264,22.0,男,苏州,2024-01-17,1
U01265,33.0,男,北京,2024-08-13,1
U01266,18.0,女,,2024-02-09,3
U01267,30.0,男,苏州,2024-07-29,1
U01268,22.0,女,北京,2024-03-30,1
U01269,24.0,男,武汉,2024-04-06,1
U01270,44.0,女,成都,2024-04-23,3
U01271,42.0,女,青岛,2024-03-23,2
U01272,38.0,男,上海,2024-01-20,0
U01273,21.0,男,深圳,2024-03-07,2
U01274,28.0,男,苏州,2024-07-15,1
U01275,44.0,女,天津,2024-07-16,2
U01276,33.0,男,昆明,2024-03-01,2
U01277,55.0,男,北京,2024-04-20,0
U01278,35.0,男,广州,2024-02-08,2
U01279,33.0,男,广州,2024-02-12,0
U01280,28.0,女,武汉,2024-01-05,0
U01281,33.0,女,北京,2024-12-31,0
U01282,30.0,男,苏州,2024-02-12,2
U01283,39.0,男,成都,2024-02-16,0
U01284,-1.0,女,福州,2024-02-29,0
U01285,24.0,女,广州,2024-01-25,2
U01286,18.0,男,大连,2024-07-02,0
U01287,18.0,男,上海,2024-01-15,0
U01288,37.0,男,昆明,2024-01-26,0
U01289,20.0,未知,长沙,2024-07-05,0
U01290,18.0,男,西安,2024-03-15,1
U01291,35.0,未知,杭州,2024-08-09,0
U01292,56.0,女,重庆,2024-05-26,3
U01293,31.0,女,上海,2024-02-23,2
U01294,40.0,男,上海,2024-07-08,0
U01295,32.0,男,,2024-01-23,0
U01296,31.0,男,西安,2024-05-18,1
U01297,41.0,男,昆明,2024-04-13,1
U01298,29.0,女,长沙,2024-02-26,0
U01299,34.0,未知,深圳,2024-06-15,0
U01300,35.0,女,合肥,2024-12-31,2
U01301,25.0,女,天津,2024-12-31,0
U01302,41.0,男,成都,2024-06-17,0
U01303,30.0,男,厦门,2024-04-03,2
U01304,24.0,男,合肥,2024-02-15,1
U01305,37.0,女,广州,2024-02-23,0
U01306,23.0,未知,西安,2024-04-27,1
U01307,32.0,女,杭州,2024-03-23,0
U01308,31.0,男,青岛,2024-12-31,2
U01309,42.0,男,郑州,2024-03-23,1
U01310,36.0,女,成都,2024-03-25,2
U01311,31.0,男,长沙,2024-03-28,3
U01312,40.0,女,南京,2024-11-22,3
U01313,45.0,女,杭州,2024-07-08,3
U01314,37.0,女,天津,2024-06-20,1
U01315,32.0,男,厦门,2024-03-14,0
U01316,18.0,男,北京,2024-11-02,1
U01317,21.0,男,厦门,2024-01-08,1
U01318,28.0,男,杭州,2024-12-31,2
U01319,25.0,男,广州,2024-05-09,0
U01320,30.0,女,福州,2024-04-01,3
U01321,32.0,女,天津,2024-05-03,2
U01322,37.0,男,郑州,2024-07-17,3
U01323,31.0,男,厦门,2024-01-03,2
U01324,36.0,男,苏州,2024-12-31,0
U01325,32.0,男,上海,2024-04-16,0
U01326,18.0,女,成都,2024-03-16,0
U01327,22.0,男,成都,2024-01-27,0
U01328,30.0,男,青岛,2024-04-14,1
U01329,19.0,男,苏州,2024-05-03,2
U01330,37.0,女,南京,2024-04-03,2
U01331,47.0,女,南京,2024-07-23,1
U01332,44.0,男,北京,2024-04-08,0
U01333,29.0,女,武汉,2024-12-31,0
U01334,46.0,女,成都,2024-06-13,0
U01335,33.0,未知,南京,2024-10-23,0
U01336,28.0,男,大连,2024-01-21,1
U01337,25.0,女,福州,2024-04-01,0
U01338,28.0,未知,南京,2024-03-14,0
U01339,28.0,女,青岛,2024-05-31,0
U01340,33.0,女,昆明,2024-12-21,1
U01341,33.0,女,厦门,2024-01-15,1
U01342,32.0,男,重庆,2024-01-14,1
U01343,36.0,女,天津,2024-12-07,1
U01344,43.0,女,西安,2024-02-13,3
U01345,41.0,女,厦门,2024-07-17,0
U01346,18.0,男,深圳,2024-05-20,1
U01347,18.0,女,福州,2024-11-18,2
U01348,41.0,女,郑州,2024-01-25,1
U01349,18.0,男,杭州,2024-01-26,3
U01350,29.0,女,武汉,2024-05-26,0
U01351,20.0,女,重庆,2024-12-31,1
U01352,18.0,女,南京,2024-04-06,0
U01353,37.0,男,厦门,2024-03-12,1
U01354,39.0,男,成都,2024-06-16,0
U01355,26.0,女,厦门,2024-12-31,0
U01356,18.0,男,成都,2024-11-22,1
U01357,26.0,女,青岛,2024-12-31,1
U01358,35.0,女,北京,2024-01-05,0
U01359,18.0,女,重庆,2024-01-22,1
U01360,33.0,男,郑州,2024-06-18,1
U01361,31.0,女,大连,2024-11-05,0
U01362,37.0,男,,2024-03-01,1
U01363,33.0,男,苏州,2024-02-19,2
U01364,22.0,男,南京,2024-10-05,1
U01365,43.0,男,杭州,2024-01-11,0
U01366,30.0,未知,,2024-03-23,0
U01367,31.0,未知,武汉,2024-05-06,1
U01368,22.0,男,西安,2024-05-27,3
U01369,27.0,女,深圳,2024-08-22,1
U01370,23.0,男,重庆,2024-03-19,0
U01371,30.0,女,青岛,2024-06-19,1
U01372,49.0,女,上海,2024-06-07,2
U01373,18.0,未知,重庆,2024-05-22,0
U01374,18.0,男,北京,2024-07-03,3
U01375,46.0,女,西安,2024-02-24,3
U01376,29.0,男,西安,2024-01-16,0
U01377,25.0,未知,福州,2024-01-23,3
U01378,42.0,男,广州,2024-02-15,0
U01379,25.0,女,成都,2024-05-04,2
U01380,50.0,女,成都,2024-11-26,1
U01381,38.0,女,上海,2024-08-05,1
U01382,27.0,男,昆明,2024-10-07,1
U01383,53.0,未知,上海,2024-03-18,2
U01384,25.0,男,长沙,2024-04-03,0
U01385,39.0,女,杭州,2024-03-31,1
U01386,34.0,男,福州,2024-02-08,0
U01387,45.0,男,武汉,2024-01-12,0
U01388,47.0,女,厦门,2024-06-09,0
U01389,32.0,男,福州,2024-12-31,1
U01390,24.0,男,北京,2024-02-02,0
U01391,36.0,男,北京,2024-01-09,0
U01392,25.0,男,合肥,2024-09-29,0
U01393,,女,北京,2024-02-22,0
U01394,33.0,女,福州,2024-11-14,1
U01395,,男,郑州,2024-08-07,3
U01396,33.0,男,重庆,2024-12-31,0
U01397,18.0,男,天津,2024-04-04,3
U01398,22.0,男,广州,2024-07-14,2
U01399,44.0,女,青岛,2024-04-22,1
U01400,25.0,女,苏州,2024-06-28,1
U01401,21.0,男,长沙,2024-04-17,2
U01402,37.0,男,郑州,2024-02-07,0
U01403,43.0,男,郑州,2024-05-07,1
U01404,39.0,女,北京,2024-05-15,1
U01405,41.0,未知,西安,2024-10-26,1
U01406,24.0,男,广州,2024-08-27,2
U01407,18.0,男,深圳,2024-07-15,0
U01408,47.0,女,厦门,2024-01-22,1
U01409,28.0,女,南京,2024-08-17,1
U01410,29.0,男,厦门,2024-05-04,0
U01411,45.0,男,合肥,2024-12-31,0
U01412,37.0,男,大连,2024-12-31,1
U01413,36.0,女,天津,2024-01-11,2
U01414,53.0,男,厦门,2024-11-05,1
U01415,25.0,男,天津,2024-01-07,2
U01416,41.0,女,上海,2024-03-23,1
U01417,32.0,男,苏州,2024-05-20,0
U01418,34.0,女,北京,2024-01-29,0
U01419,47.0,男,天津,2024-09-03,0
U01420,37.0,男,大连,2024-01-02,0
U01421,37.0,女,深圳,2024-02-03,0
U01422,42.0,男,苏州,2024-06-05,2
U01423,28.0,未知,杭州,2024-08-13,2
U01424,23.0,女,广州,2024-12-31,0
U01425,21.0,男,郑州,2024-08-08,0
U01426,18.0,女,西安,2024-07-19,0
U01427,52.0,男,苏州,2024-03-31,1
U01428,20.0,女,昆明,2024-01-01,0
U01429,29.0,男,上海,2024-01-24,0
U01430,29.0,女,武汉,2024-05-17,3
U01431,35.0,男,重庆,2024-07-21,2
U01432,40.0,男,西安,2024-04-07,0
U01433,40.0,女,昆明,2024-08-24,1
U01434,26.0,女,武汉,2024-05-12,0
U01435,30.0,男,武汉,2024-01-14,2
U01436,34.0,男,广州,2024-02-08,1
U01437,29.0,女,长沙,2024-11-25,0
U01438,48.0,,武汉,2024-08-20,2
U01439,36.0,男,合肥,2024-12-31,0
U01440,39.0,男,北京,2024-01-23,0
U01441,38.0,男,杭州,2024-12-31,0
U01442,43.0,女,厦门,2024-02-12,1
U01443,33.0,男,天津,2024-01-03,0
U01444,19.0,男,上海,2024-12-31,0
U01445,35.0,女,重庆,2024-02-29,0
U01446,25.0,男,武汉,2024-07-17,0
U01447,26.0,女,深圳,2024-02-04,2
U01448,37.0,男,福州,2024-06-05,0
U01449,44.0,男,昆明,2024-12-31,0
U01450,32.0,男,深圳,2024-03-10,1
U01451,35.0,女,郑州,2024-07-18,2
U01452,49.0,男,北京,2024-02-07,2
U01453,34.0,女,广州,2024-06-25,1
U01454,58.0,女,厦门,2024-03-14,0
U01455,37.0,女,深圳,2024-02-12,2
U01456,18.0,男,厦门,2024-03-08,1
U01457,39.0,男,大连,2024-02-05,0
U01458,35.0,男,北京,2024-12-31,3
U01459,44.0,男,杭州,2024-04-01,0
U01460,38.0,男,大连,2024-02-20,3
U01461,30.0,女,苏州,2024-04-17,2
U01462,19.0,男,郑州,2024-03-10,1
U01463,-1.0,男,福州,2024-09-02,3
U01464,23.0,男,杭州,2024-12-31,2
U01465,26.0,女,深圳,2024-04-13,0
U01466,37.0,男,深圳,2024-12-21,1
U01467,48.0,女,深圳,2024-05-30,0
U01468,35.0,男,深圳,2024-01-31,0
U01469,20.0,女,福州,2024-07-30,2
U01470,36.0,女,昆明,2024-05-09,0
U01471,43.0,男,昆明,2024-07-08,0
U01472,25.0,男,厦门,2024-12-31,1
U01473,30.0,男,重庆,2024-04-14,2
U01474,32.0,男,昆明,2024-12-31,0
U01475,24.0,女,上海,2024-09-07,0
U01476,38.0,女,深圳,2024-04-30,0
U01477,30.0,女,长沙,2024-06-15,1
U01478,36.0,女,武汉,2024-03-11,0
U01479,23.0,男,天津,2024-12-31,1
U01480,27.0,男,武汉,2024-07-17,0
U01481,39.0,女,合肥,2024-01-09,0
U01482,28.0,男,厦门,2024-03-12,3
U01483,49.0,女,大连,2024-06-24,0
U01484,28.0,男,重庆,2024-01-11,1
U01485,34.0,男,青岛,2024-01-05,0
U01486,41.0,未知,合肥,2024-04-17,1
U01487,18.0,男,杭州,2024-03-13,1
U01488,18.0,未知,上海,2024-04-13,0
U01489,18.0,未知,福州,2024-02-24,0
U01490,44.0,女,厦门,2024-02-02,0
U01491,26.0,女,青岛,2024-07-29,1
U01492,57.0,女,青岛,2024-05-10,2
U01493,26.0,女,北京,2024-02-10,1
U01494,33.0,男,广州,2024-03-10,1
U01495,47.0,男,武汉,2024-06-10,0
U01496,52.0,女,天津,2024-01-14,0
U01497,52.0,男,大连,2024-01-29,0
U01498,44.0,男,福州,2024-01-14,0
U01499,42.0,男,上海,2024-10-28,0
U01500,37.0,女,大连,2024-09-08,1
U01501,39.0,女,重庆,2024-09-08,1
U01502,26.0,男,大连,2024-08-14,3
U01503,23.0,未知,杭州,2024-07-18,0
U01504,,女,昆明,2024-04-26,1
U01505,30.0,女,厦门,2024-07-04,2
U01506,27.0,女,深圳,2024-01-08,1
U01507,38.0,女,长沙,2024-06-23,0
U01508,41.0,男,武汉,2024-09-27,0
U01509,32.0,女,青岛,2024-05-04,0
U01510,46.0,男,长沙,2024-03-20,0
U01511,20.0,女,广州,2024-02-28,2
U01512,30.0,未知,杭州,2024-07-04,0
U01513,24.0,男,合肥,2024-07-31,0
U01514,18.0,男,西安,2024-12-31,2
U01515,31.0,女,西安,2024-03-16,2
U01516,30.0,男,苏州,2024-09-21,1
U01517,47.0,女,合肥,2024-05-28,1
U01518,38.0,男,杭州,2024-12-31,0
U01519,21.0,男,郑州,2024-05-15,0
U01520,50.0,未知,西安,2024-05-11,0
U01521,44.0,女,重庆,2024-06-04,1
U01522,37.0,女,合肥,2024-09-06,3
U01523,29.0,男,北京,2024-12-31,0
U01524,22.0,女,深圳,2024-01-14,1
U01525,28.0,女,深圳,2024-01-10,0
U01526,42.0,女,昆明,2024-12-31,1
U01527,50.0,女,重庆,2024-05-15,0
U01528,47.0,女,昆明,2024-06-20,0
U01529,27.0,男,青岛,2024-04-28,2
U01530,20.0,男,天津,2024-01-18,1
U01531,33.0,女,成都,2024-09-20,1
U01532,18.0,男,西安,2024-09-04,0
U01533,35.0,女,天津,2024-03-08,0
U01534,30.0,男,深圳,2024-03-06,0
U01535,27.0,女,昆明,2024-11-23,2
U01536,18.0,女,昆明,2024-01-14,3
U01537,37.0,男,合肥,2024-12-31,1
U01538,26.0,男,长沙,2024-02-23,0
U01539,20.0,男,武汉,2024-06-10,2
U01540,18.0,女,厦门,2024-12-31,1
U01541,31.0,女,苏州,2024-07-23,1
U01542,49.0,男,青岛,2024-04-06,0
U01543,,女,广州,2024-07-29,2
U01544,27.0,男,大连,2024-03-16,1
U01545,25.0,男,昆明,2024-02-28,2
U01546,36.0,女,西安,2024-12-31,2
U01547,22.0,男,成都,2024-09-07,0
U01548,35.0,男,郑州,2024-07-05,2
U01549,39.0,男,西安,2024-03-20,2
U01550,44.0,男,昆明,2024-01-10,0
U01551,30.0,男,福州,2024-01-06,0
U01552,29.0,男,厦门,2024-05-25,0
U01553,23.0,女,成都,2024-09-15,1
U01554,23.0,男,郑州,2024-05-18,0
U01555,29.0,女,深圳,2024-11-26,1
U01556,35.0,男,青岛,2024-01-07,0
U01557,41.0,男,北京,2024-03-23,2
U01558,23.0,女,福州,2024-02-18,0
U01559,46.0,未知,杭州,2024-04-16,0
U01560,29.0,男,南京,2024-01-14,1
U01561,31.0,女,长沙,2024-12-31,1
U01562,24.0,女,上海,2024-02-15,0
U01563,18.0,女,长沙,2024-12-31,0
U01564,40.0,女,杭州,2024-04-09,0
U01565,39.0,男,杭州,2024-12-31,2
U01566,29.0,男,郑州,2024-05-25,2
U01567,32.0,女,重庆,2024-12-31,1
U01568,37.0,男,西安,2024-01-01,2
U01569,18.0,女,北京,2024-09-05,2
U01570,26.0,男,广州,2024-12-31,0
U01571,39.0,男,昆明,2024-01-28,3
U01572,19.0,女,长沙,2024-01-19,2
U01573,34.0,男,广州,2024-04-09,0
U01574,18.0,女,重庆,2024-12-31,0
U01575,36.0,女,上海,2024-05-20,0
U01576,31.0,女,广州,2024-05-14,0
U01577,18.0,女,青岛,2024-01-28,2
U01578,43.0,,深圳,2024-01-01,1
U01579,24.0,女,大连,2024-10-26,2
U01580,23.0,未知,郑州,2024-01-17,2
U01581,34.0,男,武汉,2024-06-29,1
U01582,43.0,男,长沙,2024-12-31,1
U01583,21.0,男,广州,2024-02-12,0
U01584,32.0,男,重庆,2024-07-15,0
U01585,36.0,女,上海,2024-01-15,1
U01586,38.0,女,重庆,2024-06-15,0
U01587,33.0,女,长沙,2024-02-02,0
U01588,28.0,男,长沙,2024-08-27,2
U01589,23.0,女,天津,2024-03-05,1
U01590,32.0,男,上海,2024-04-22,0
U01591,21.0,女,昆明,2024-06-13,1
U01592,18.0,女,郑州,2024-02-03,2
U01593,36.0,男,青岛,2024-08-31,0
U01594,41.0,男,杭州,2024-03-05,0
U01595,18.0,男,西安,2024-07-14,3
U01596,21.0,女,长沙,2024-02-01,0
U01597,38.0,女,西安,2024-07-28,0
U01598,52.0,女,苏州,2024-01-25,1
U01599,32.0,男,上海,2024-04-09,2
U01600,24.0,男,杭州,2024-02-21,0
U01601,30.0,女,武汉,2024-09-05,0
U01602,45.0,女,成都,2024-02-24,0
U01603,25.0,男,广州,2024-12-31,3
U01604,24.0,男,郑州,2024-12-31,0
U01605,27.0,女,广州,2024-02-09,1
U01606,22.0,男,成都,2024-06-20,3
U01607,33.0,男,苏州,2024-01-17,0
U01608,48.0,男,合肥,2024-03-30,3
U01609,35.0,女,西安,2024-08-12,3
U01610,29.0,女,长沙,2024-07-12,2
U01611,29.0,未知,合肥,2024-06-25,0
U01612,18.0,女,深圳,2024-02-29,1
U01613,40.0,女,上海,2024-03-26,2
U01614,31.0,男,苏州,2024-01-20,3
U01615,30.0,女,武汉,2024-08-16,0
U01616,63.0,男,上海,2024-05-06,2
U01617,,女,昆明,2024-08-10,0
U01618,24.0,男,深圳,2024-02-21,0
U01619,27.0,男,南京,2024-03-11,1
U01620,43.0,男,福州,2024-03-14,2
U01621,33.0,男,青岛,2024-01-05,1
U01622,18.0,男,长沙,2024-03-16,1
U01623,41.0,男,昆明,2024-10-19,3
U01624,25.0,未知,苏州,2024-12-31,0
U01625,50.0,男,南京,2024-05-11,1
U01626,42.0,女,上海,2024-04-19,0
U01627,27.0,女,天津,2024-01-06,0
U01628,44.0,未知,重庆,2024-12-31,1
U01629,32.0,女,大连,2024-01-03,3
U01630,40.0,女,福州,2024-12-31,1
U01631,36.0,男,南京,2024-04-30,2
U01632,23.0,男,大连,2024-03-16,0
U01633,25.0,男,杭州,2024-12-31,0
U01634,42.0,女,苏州,2024-01-05,1
U01635,28.0,女,天津,2024-06-05,0
U01636,27.0,男,南京,2024-05-23,0
U01637,22.0,男,大连,2024-02-14,1
U01638,36.0,女,南京,2024-04-10,0
U01639,52.0,男,大连,2024-07-09,0
U01640,21.0,女,昆明,2024-08-21,1
U01641,32.0,女,西安,2024-01-01,1
U01642,46.0,女,武汉,2024-12-31,3
U01643,31.0,女,重庆,2024-02-02,1
U01644,36.0,女,北京,2024-02-17,1
U01645,21.0,女,大连,2024-02-25,3
U01646,36.0,女,杭州,2024-01-07,2
U01647,30.0,女,大连,2024-01-24,0
U01648,41.0,男,北京,2024-12-31,0
U01649,43.0,男,天津,2024-03-09,1
U01650,57.0,男,厦门,2024-01-23,1
U01651,,男,武汉,2024-01-21,2
U01652,35.0,女,长沙,2024-08-16,2
U01653,33.0,女,南京,2024-12-13,1
U01654,28.0,男,杭州,2024-02-23,3
U01655,35.0,男,西安,2024-01-04,1
U01656,29.0,未知,杭州,2024-02-15,0
U01657,33.0,男,合肥,2024-01-11,2
U01658,45.0,男,杭州,2024-01-20,0
U01659,21.0,女,天津,2024-04-11,2
U01660,43.0,女,郑州,2024-02-17,3
U01661,45.0,男,北京,2024-05-10,1
U01662,30.0,男,苏州,2024-02-22,1
U01663,18.0,男,,2024-12-31,1
U01664,25.0,女,苏州,2024-12-31,0
U01665,44.0,女,昆明,2024-05-30,0
U01666,31.0,男,昆明,2024-03-19,1
U01667,22.0,女,厦门,2024-03-27,2
U01668,26.0,女,郑州,2024-04-05,1
U01669,40.0,男,武汉,2024-08-22,0
U01670,37.0,女,北京,2024-04-18,1
U01671,29.0,女,厦门,2024-12-15,2
U01672,28.0,男,北京,2024-12-31,1
U01673,28.0,男,合肥,2024-03-14,1
U01674,22.0,女,成都,2024-05-28,2
U01675,48.0,女,上海,2024-01-18,1
U01676,28.0,女,合肥,2024-02-10,1
U01677,44.0,女,成都,2024-04-06,2
U01678,47.0,女,青岛,2024-02-11,0
U01679,41.0,男,昆明,2024-12-31,3
U01680,27.0,女,成都,2024-02-01,0
U01681,36.0,男,西安,2024-04-19,0
U01682,31.0,男,昆明,2024-06-16,2
U01683,22.0,女,重庆,2024-07-30,0
U01684,35.0,女,南京,2024-03-27,2
U01685,20.0,男,西安,2024-12-31,2
U01686,43.0,女,合肥,2024-05-31,2
U01687,27.0,男,成都,2024-04-14,3
U01688,34.0,男,青岛,2024-01-13,0
U01689,34.0,男,成都,2024-04-22,2
U01690,29.0,女,武汉,2024-11-05,0
U01691,37.0,女,长沙,2024-06-20,1
U01692,27.0,男,广州,2024-11-17,2
U01693,40.0,女,青岛,2024-05-02,0
U01694,18.0,男,大连,2024-01-23,1
U01695,33.0,女,厦门,2024-01-03,1
U01696,51.0,男,武汉,2024-03-06,1
U01697,21.0,男,南京,2024-08-03,3
U01698,25.0,未知,昆明,2024-10-08,0
U01699,37.0,男,郑州,2024-03-04,1
U01700,33.0,男,重庆,2024-05-03,2
U01701,35.0,女,西安,2024-04-08,1
U01702,36.0,未知,重庆,2024-04-05,0
U01703,38.0,男,天津,2024-02-17,1
U01704,43.0,男,福州,2024-01-27,0
U01705,36.0,男,上海,2024-02-09,0
U01706,29.0,女,郑州,2024-01-11,2
U01707,38.0,男,上海,2024-02-09,1
U01708,50.0,女,大连,2024-01-02,3
U01709,30.0,未知,上海,2024-06-26,2
U01710,22.0,男,广州,2024-03-09,1
U01711,43.0,男,成都,2024-12-31,0
U01712,30.0,男,广州,2024-02-08,1
U01713,18.0,男,西安,2024-03-17,0
U01714,40.0,女,成都,2024-03-20,3
U01715,26.0,男,厦门,2024-01-02,0
U01716,31.0,男,合肥,2024-11-24,0
U01717,35.0,女,大连,2024-01-06,1
U01718,33.0,男,广州,2024-12-31,0
U01719,39.0,女,昆明,2024-12-31,0
U01720,27.0,男,武汉,2024-05-18,1
U01721,37.0,女,重庆,2024-05-21,0
U01722,29.0,未知,福州,2024-07-09,0
U01723,39.0,女,长沙,2024-03-29,0
U01724,38.0,未知,杭州,2024-07-06,2
U01725,22.0,男,广州,2024-01-09,1
U01726,42.0,男,苏州,2024-01-11,1
U01727,26.0,女,深圳,2024-04-19,1
U01728,40.0,女,杭州,2024-05-23,0
U01729,35.0,男,北京,2024-12-31,3
U01730,50.0,男,昆明,2024-01-20,0
U01731,29.0,男,长沙,2024-11-07,1
U01732,28.0,男,郑州,2024-02-12,2
U01733,31.0,男,重庆,2024-03-31,2
U01734,28.0,女,上海,2024-03-09,0
U01735,39.0,男,杭州,2024-04-01,0
U01736,18.0,男,郑州,2024-01-30,2
U01737,21.0,女,厦门,2024-05-06,0
U01738,21.0,女,厦门,2024-10-18,2
U01739,41.0,女,广州,2024-04-14,2
U01740,49.0,,深圳,2024-05-01,2
U01741,30.0,男,苏州,2024-12-06,0
U01742,30.0,女,青岛,2024-08-08,2
U01743,32.0,女,广州,2024-05-01,1
U01744,43.0,男,厦门,2024-02-23,2
U01745,22.0,女,天津,2024-12-31,0
U01746,34.0,女,西安,2024-06-03,0
U01747,41.0,男,重庆,2024-02-14,0
U01748,37.0,男,苏州,2024-02-26,0
U01749,33.0,男,厦门,2024-10-19,1
U01750,42.0,男,西安,2024-01-09,3
U01751,18.0,男,合肥,2024-12-31,0
U01752,38.0,女,大连,2024-01-26,2
U01753,25.0,男,上海,2024-10-13,0
U01754,18.0,未知,上海,2024-03-31,0
U01755,37.0,女,成都,2024-05-01,0
U01756,45.0,女,大连,2024-12-31,0
U01757,30.0,女,南京,2024-04-05,3
U01758,41.0,男,广州,2024-05-18,0
U01759,48.0,男,青岛,2024-01-10,1
U01760,45.0,女,厦门,2024-01-01,1
U01761,48.0,女,北京,2024-02-20,3
U01762,39.0,女,广州,2024-07-24,0
U01763,32.0,男,昆明,2024-01-24,0
U01764,18.0,未知,重庆,2024-01-22,0
U01765,29.0,男,成都,2024-04-05,1
U01766,23.0,女,北京,2024-07-06,0
U01767,53.0,未知,西安,2024-08-12,2
U01768,30.0,男,成都,2024-02-05,1
U01769,33.0,女,长沙,2024-01-15,1
U01770,37.0,男,深圳,2024-12-31,1
U01771,32.0,男,郑州,2024-02-24,0
U01772,48.0,女,合肥,2024-12-11,1
U01773,25.0,女,南京,2024-12-24,3
U01774,33.0,未知,福州,2024-09-23,2
U01775,24.0,女,广州,2024-02-03,2
U01776,18.0,女,长沙,2024-11-06,2
U01777,25.0,女,武汉,2024-09-20,0
U01778,31.0,未知,长沙,2024-06-12,0
U01779,27.0,男,上海,2024-03-15,0
U01780,25.0,未知,青岛,2024-02-24,0
U01781,18.0,男,杭州,2024-01-24,0
U01782,31.0,女,重庆,2024-05-08,1
U01783,18.0,男,苏州,2024-06-07,1
U01784,39.0,男,杭州,2024-03-21,2
U01785,32.0,男,广州,2024-04-26,2
U01786,18.0,女,合肥,2024-03-22,3
U01787,28.0,男,上海,2024-07-03,0
U01788,24.0,男,北京,2024-12-31,0
U01789,35.0,女,武汉,2024-02-02,1
U01790,45.0,女,青岛,2024-03-27,0
U01791,18.0,男,杭州,2024-01-28,0
U01792,33.0,男,大连,2024-06-25,0
U01793,30.0,,苏州,2024-08-22,0
U01794,38.0,男,上海,2024-12-31,1
U01795,34.0,女,南京,2024-02-28,1
U01796,24.0,女,重庆,2024-12-31,1
U01797,28.0,女,广州,2024-01-12,1
U01798,24.0,男,上海,2024-06-15,0
U01799,42.0,女,武汉,2024-01-11,0
U01800,,女,杭州,2024-12-31,0
U01801,51.0,女,杭州,2024-05-15,0
U01802,31.0,女,福州,2024-07-18,2
U01803,24.0,女,郑州,2024-11-16,2
U01804,18.0,女,福州,2024-01-30,1
U01805,18.0,男,成都,2024-01-08,0
U01806,18.0,未知,福州,2024-12-31,1
U01807,-1.0,女,昆明,2024-03-09,1
U01808,37.0,女,上海,2024-01-25,1
U01809,18.0,男,成都,2024-04-23,1
U01810,40.0,女,重庆,2024-06-13,1
U01811,27.0,女,广州,2024-01-06,1
U01812,33.0,男,北京,2024-02-27,2
U01813,48.0,男,北京,2024-01-07,0
U01814,40.0,女,大连,2024-04-08,2
U01815,29.0,女,杭州,2024-12-31,0
U01816,23.0,女,郑州,2024-12-31,0
U01817,18.0,男,大连,2024-07-01,3
U01818,24.0,女,长沙,2024-02-01,3
U01819,29.0,男,厦门,2024-12-31,0
U01820,22.0,男,大连,2024-05-10,1
U01821,30.0,男,广州,2024-01-31,0
U01822,32.0,男,长沙,2024-12-31,1
U01823,29.0,男,杭州,2024-09-11,2
U01824,25.0,男,上海,2024-08-24,3
U01825,33.0,男,武汉,2024-08-10,1
U01826,36.0,男,郑州,2024-02-10,0
U01827,21.0,女,天津,2024-02-12,1
U01828,46.0,女,广州,2024-07-28,0
U01829,31.0,男,福州,2024-02-14,3
U01830,32.0,女,杭州,2024-04-13,2
U01831,39.0,男,南京,2024-10-01,1
U01832,34.0,女,北京,2024-10-02,0
U01833,41.0,男,南京,2024-04-18,0
U01834,34.0,男,昆明,2024-10-09,0
U01835,25.0,女,福州,2024-11-24,2
U01836,35.0,女,厦门,2024-07-10,1
U01837,20.0,女,昆明,2024-02-16,0
U01838,33.0,女,福州,2024-02-27,1
U01839,31.0,未知,长沙,2024-03-09,2
U01840,29.0,男,郑州,2024-01-23,0
U01841,30.0,男,郑州,2024-02-27,2
U01842,18.0,男,西安,2024-02-12,2
U01843,26.0,男,武汉,2024-04-19,3
U01844,32.0,女,青岛,2024-12-31,0
U01845,33.0,女,厦门,2024-01-20,0
U01846,21.0,男,天津,2024-08-17,0
U01847,44.0,未知,长沙,2024-07-28,0
U01848,23.0,女,重庆,2024-01-19,0
U01849,41.0,男,南京,2024-12-31,1
U01850,36.0,男,昆明,2024-05-31,1
U01851,25.0,男,昆明,2024-03-22,2
U01852,49.0,男,郑州,2024-09-11,0
U01853,20.0,男,昆明,2024-02-23,1
U01854,41.0,女,天津,2024-07-31,2
U01855,42.0,男,深圳,2024-01-08,2
U01856,25.0,男,合肥,2024-11-25,2
U01857,45.0,未知,杭州,2024-04-17,2
U01858,29.0,女,厦门,2024-07-01,3
U01859,34.0,未知,重庆,2024-02-15,0
U01860,34.0,男,西安,2024-07-22,1
U01861,30.0,男,昆明,2024-09-23,0
U01862,40.0,女,合肥,2024-04-25,0
U01863,39.0,男,昆明,2024-06-22,0
U01864,18.0,,武汉,2024-04-19,0
U01865,45.0,女,深圳,2024-12-31,0
U01866,18.0,女,杭州,2024-05-04,0
U01867,42.0,男,厦门,2024-11-27,0
U01868,43.0,女,广州,2024-10-17,3
U01869,21.0,男,昆明,2024-04-05,0
U01870,27.0,男,青岛,2024-02-17,2
U01871,20.0,男,天津,2024-04-03,0
U01872,29.0,男,合肥,2024-11-10,3
U01873,28.0,男,北京,2024-02-16,2
U01874,39.0,未知,合肥,2024-05-13,1
U01875,45.0,女,苏州,2024-10-22,1
U01876,45.0,女,合肥,2024-03-19,0
U01877,26.0,男,青岛,2024-07-04,3
U01878,29.0,男,福州,2024-02-20,2
U01879,18.0,男,大连,2024-01-21,2
U01880,23.0,男,武汉,2024-10-11,1
U01881,41.0,男,郑州,2024-01-19,0
U01882,48.0,女,昆明,2024-02-26,2
U01883,19.0,女,青岛,2024-12-13,0
U01884,26.0,女,北京,2024-03-17,1
U01885,31.0,男,武汉,2024-12-31,0
U01886,34.0,女,南京,2024-12-31,3
U01887,23.0,男,昆明,2024-02-26,0
U01888,36.0,男,重庆,2024-01-08,0
U01889,27.0,男,北京,2024-08-07,1
U01890,31.0,女,合肥,2024-04-17,2
U01891,37.0,未知,大连,2024-01-20,1
U01892,32.0,男,成都,2024-08-09,0
U01893,27.0,女,广州,2024-01-06,0
U01894,30.0,女,杭州,2024-12-31,2
U01895,31.0,男,上海,2024-01-27,3
U01896,28.0,男,福州,2024-01-25,2
U01897,29.0,男,深圳,2024-02-04,1
U01898,47.0,未知,西安,2024-12-31,3
U01899,37.0,男,西安,2024-07-31,1
U01900,29.0,女,苏州,2024-10-17,1
U01901,38.0,男,厦门,2024-04-01,1
U01902,28.0,女,合肥,2024-03-14,1
U01903,43.0,男,厦门,2024-02-18,2
U01904,35.0,女,武汉,2024-04-27,1
U01905,30.0,女,厦门,2024-05-24,0
U01906,36.0,女,广州,2024-06-28,0
U01907,18.0,女,厦门,2024-02-23,0
U01908,20.0,男,南京,2024-12-31,1
U01909,20.0,女,长沙,2024-02-03,0
U01910,33.0,男,广州,2024-12-31,0
U01911,49.0,男,合肥,2024-01-03,1
U01912,54.0,女,昆明,2024-04-28,1
U01913,38.0,男,苏州,2024-03-13,2
U01914,37.0,女,深圳,2024-04-17,1
U01915,18.0,未知,厦门,2024-06-01,2
U01916,26.0,男,合肥,2024-04-12,3
U01917,24.0,女,重庆,2024-04-06,2
U01918,25.0,男,成都,2024-08-25,1
U01919,30.0,男,福州,2024-07-27,0
U01920,27.0,男,上海,2024-11-18,3
U01921,18.0,未知,重庆,2024-02-21,0
U01922,39.0,女,成都,2024-06-18,0
U01923,21.0,女,广州,2024-06-07,1
U01924,34.0,未知,福州,2024-03-24,0
U01925,52.0,男,成都,2024-04-29,3
U01926,22.0,男,,2024-03-08,1
U01927,18.0,女,北京,2024-01-28,1
U01928,29.0,女,北京,2024-02-13,1
U01929,43.0,男,杭州,2024-01-21,1
U01930,51.0,男,成都,2024-07-25,0
U01931,19.0,女,郑州,2024-07-13,1
U01932,36.0,女,上海,2024-12-31,2
U01933,27.0,男,天津,2024-08-23,1
U01934,30.0,男,天津,2024-01-10,2
U01935,58.0,女,郑州,2024-12-31,0
U01936,18.0,女,青岛,2024-12-23,0
U01937,34.0,男,武汉,2024-04-15,0
U01938,36.0,女,青岛,2024-06-07,0
U01939,42.0,男,西安,2024-12-31,2
U01940,32.0,男,合肥,2024-05-16,2
U01941,35.0,女,青岛,2024-12-31,0
U01942,28.0,女,南京,2024-01-16,1
U01943,34.0,男,深圳,2024-02-08,2
U01944,28.0,女,厦门,2024-04-14,0
U01945,38.0,女,郑州,2024-06-07,0
U01946,28.0,女,福州,2024-10-31,3
U01947,35.0,女,昆明,2024-12-31,1
U01948,31.0,女,青岛,2024-03-29,3
U01949,43.0,女,昆明,2024-01-09,0
U01950,31.0,男,杭州,2024-10-17,2
U01951,18.0,男,重庆,2024-06-15,0
U01952,44.0,男,广州,2024-02-09,0
U01953,22.0,女,南京,2024-05-02,1
U01954,25.0,女,福州,2024-09-01,0
U01955,26.0,男,西安,2024-09-21,0
U01956,45.0,男,大连,2024-05-04,0
U01957,18.0,女,广州,2024-03-06,0
U01958,63.0,男,苏州,2024-12-31,2
U01959,42.0,女,苏州,2024-07-14,1
U01960,34.0,男,合肥,2024-04-04,0
U01961,31.0,女,厦门,2024-02-29,0
U01962,34.0,未知,武汉,2024-08-24,0
U01963,37.0,男,深圳,2024-02-19,1
U01964,38.0,男,大连,2024-02-03,0
U01965,37.0,男,长沙,2024-05-15,2
U01966,32.0,女,天津,2024-03-02,0
U01967,30.0,女,苏州,2024-06-27,0
U01968,30.0,男,杭州,2024-01-23,2
U01969,30.0,女,杭州,2024-07-10,2
U01970,43.0,女,天津,2024-02-29,0
U01971,37.0,男,昆明,2024-01-01,2
U01972,18.0,男,苏州,2024-01-25,1
U01973,38.0,女,,2024-12-31,2
U01974,33.0,女,上海,2024-12-29,1
U01975,31.0,女,福州,2024-02-17,1
U01976,28.0,女,天津,2024-09-28,3
U01977,43.0,女,福州,2024-06-17,0
U01978,41.0,男,深圳,2024-12-31,1
U01979,24.0,女,昆明,2024-03-25,1
U01980,36.0,女,成都,2024-07-24,0
U01981,22.0,女,大连,2024-01-12,0
U01982,18.0,男,苏州,2024-03-31,0
U01983,25.0,男,上海,2024-12-31,1
U01984,40.0,男,南京,2024-05-19,1
U01985,41.0,男,苏州,2024-03-02,1
U01986,37.0,男,杭州,2024-01-24,0
U01987,39.0,女,昆明,2024-08-06,1
U01988,37.0,女,昆明,2024-07-05,3
U01989,25.0,男,青岛,2024-03-25,0
U01990,36.0,女,西安,2024-12-31,1
U01991,40.0,男,广州,2024-01-05,2
U01992,39.0,男,重庆,2024-03-06,2
U01993,43.0,男,广州,2024-12-31,1
U01994,39.0,女,苏州,2024-03-10,2
U01995,35.0,男,长沙,2024-02-22,0
U01996,42.0,男,长沙,2024-05-17,2
U01997,31.0,男,广州,2024-11-08,0
U01998,23.0,女,武汉,2024-01-20,0
U01999,30.0,男,青岛,2024-12-31,0
U02000,24.0,女,苏州,2024-10-12,2
